PUBCHEM_RESULT_TAG,PUBCHEM_SID,PUBCHEM_CID,PUBCHEM_EXT_DATASOURCE_SMILES,PUBCHEM_ACTIVITY_OUTCOME,PUBCHEM_ACTIVITY_SCORE,PUBCHEM_ACTIVITY_URL,PUBCHEM_ASSAYDATA_COMMENT,RESPONSE_VALUE
RESULT_TYPE,,,,,,,,INTEGER
RESULT_DESCR,,,,,,,,Percent Inhibition calculated with linear normalized Negative Controls.
RESULT_UNIT,,,,,,,,PERCENT
RESULT_ATTR_CONC_MICROMOL,,,,,,,,10
1,846593,648983,CC1(CC(=O)N=C2N1C=CC=C2)C(=O)N(CC3=CC=CO3)CC(=O)NC4CCCC4,Active,88,,,88
2,849486,135417056,CC(=NCCCN1C=CN=C1)C2=C(C3=CC=CC=C3C2=O)O,Active,87,,,87
3,855944,443939,C[C@H]1[C@H]([C@H](C[C@@H](O1)O[C@H]2C[C@@](CC3=C2C(=C4C(=C3O)C(=O)C5=C(C4=O)C(=CC=C5)OC)O)(C(=O)CO)O)N)O.Cl,Active,54,,,54
4,857742,659099,C1CSC(=N1)NC(=O)NC23CC4CC(C2)CC(C4)C3,Active,84,,,84
5,858057,659413,C1=CC=C2C(=C1)C3=C4C(=NO3)C=CC(=C4C2=O)NCC5=CC=CO5,Active,48,,,48
6,859755,661059,CC1=CC=C(C=C1)C2=CC(=NC(=C2C#N)N)C3=CC=C(O3)C,Active,85,,,85
7,862610,663844,C1=CC=C2C(=C1)C3=C4C(=NO3)C=CC(=C4C2=O)NCCCN5C=CN=C5,Active,88,,,88
8,864135,6400963,CC1=CC2=C(C=C1)N(C3=C2N=NC(=N3)SC)CC4=CC=CC=C4,Active,48,,,48
9,4244617,6602921,CCN(CC)C1=CC2=C(C=C1)NCCC2.Cl,Active,41,,,41
10,4251898,3245527,COC1=CC=C(C=C1)N2CCN(CC2)CCCNC(=O)CCCN3C(=O)C4=C(C=CS4)NC3=O,Active,62,,,62
11,4257450,1255986,CN(C)S(=O)(=O)N(CC(=O)NC1=CC=CC=C1C(F)(F)F)C2=CC=CC=C2,Active,86,,,86
12,4258599,2976923,CC(C)C(=O)N1CCN(CC1)C2=CC=CC=C2NC(=O)C3=C(C(=C(C(=C3F)F)OC)F)F,Active,83,,,83
13,4262388,2233380,C1=CC=C(C(=C1)COC(=O)CNC(=O)CNC(=O)C2=CC=CO2)Br,Active,89,,,89
14,4263434,850134,CCOC1=C(C=CC(=C1)S(=O)(=O)NC2=CC=CC=N2)F,Active,89,,,89
15,4263807,2950528,CC1=CC(=C(C=C1OCC(=O)N)S(=O)(=O)NCC2CCCO2)Cl,Active,79,,,79
16,4264086,2232362,CC1=CC=C(C=C1)C2=CC=C(N2NC(=O)C3=CC=CS3)CCC(=O)O,Active,92,,,92
17,4265786,2233286,COC1=C(C=C(C=C1)C2=NOC(=N2)COC3=CC4=C(C=C3)OCO4)OC,Active,85,,,85
18,7972521,6858585,COC1=CC=C(C=C1)/C=N/N2C=C(N=C2N)C3=CC=CC=C3,Active,84,,,84
19,7975598,711446,CC(C)CC1=CC(=C(C(=N1)N)C#N)C2=CC=CO2,Active,90,,,90
20,7977854,707882,COC1=CC2=C(C=C1)OC(=C2C(=O)N3CCOCC3)C4=CC=CC=C4,Active,80,,,80
21,11532952,6852389,CN1CCC2=C3[C@@H]1CC4=C(C3=CC=C2)C(=C(C=C4)O)O.Cl,Active,40,,,40
22,14718751,1002248,CN(C)C1=NC=C(S1)C2=C(C(=O)C(=C(C2=O)Cl)N3CCCC3)Cl,Active,70,,,70
23,14719251,1002249,CN1CCN(CC1)C2=C(C(=O)C(=C(C2=O)Cl)C3=CN=C(S3)N4CCCCC4)Cl,Active,44,,,44
24,14719252,406171,C1CCN(CC1)C2=C(C(=O)C(=C(C2=O)Cl)C3=CN=C(S3)N4CCCCC4)Cl,Active,69,,,69
25,14721316,135444823,C1C(=C(C(=N)N1CC2=CC=CC=C2)C3=NC4=CC=CC=C4S3)O,Active,85,,,85
26,14722377,2849237,CCOC(=O)CCCNC(=O)C1=CC(=CN=C1)O.Cl,Active,72,,,72
27,14728296,9549744,COC1=CC(=C2C(=C1)C=CC=N2)NCCCCCCCN.C(CC(=O)O)C(=O)O,Active,51,,,51
28,14730146,2225555,C1=CC=C(C(=C1)OCC(=O)NCC2=CC=CC=N2)Br,Active,71,,,71
29,14730465,7412007,C/C(=N\NC(=O)CC1=CC=CN1C)/C2=CC3=CC=CC=C3C=C2,Active,50,,,50
30,14732440,882402,CC1=CC(=C(N1C2=C(C=CC(=C2)Cl)OC)C)C=O,Active,86,,,86
31,14733544,2301472,C1=COC(=C1)C2=NC3=C(C=C(C=C3)NC(=O)NCCCO)N=C2C4=CC=CO4,Active,46,,,46
32,14735642,9550793,CC1=CC=C(C=C1)C2=NN=C(O2)CC3=CC=C(C=C3)Cl,Active,92,,,92
33,14737248,672376,CC1=C(C(=O)N(C(=O)C1=NC2=CC=C(C=C2)N(C)C)CCO)C#N,Active,41,,,41
34,14739066,870509,COC1=CC=C(C=C1)COC(=O)NNC(=O)C2=CC=CC=C2Cl,Active,83,,,83
35,14739926,1484999,CC1=CC=C(C=C1)N2C=CC(=O)C(=N2)C3=NC(=NC=C3)SCC4=CC(=CC=C4)Cl,Active,79,,,79
36,14740154,2876479,CCC1=NNC2=CC=CC3=C(C=CC1=C32)OC,Active,64,,,64
37,14744983,109673,CC1=C(C=CC(=C1)N)N2CCCC2.Cl,Active,66,,,66
38,14745309,4678870,C1CC1C2=NN=C(S2)NC(=O)C3CC4=CC=CC=C4CN3S(=O)(=O)C5=CC=CC=C5F,Active,77,,,77
39,14745427,9660792,CNC1=NC2=CC=CC=C2N1/N=C/C3=C(C(=CC=C3)OC)OC,Active,92,,,92
40,14745530,9679909,CCN1C(=C(C2=CC=CC=C21)/C=N/NC3=NC4=CC=CC=C4S3)C,Active,87,,,87
41,14745870,3732815,CC1=CC2=C(C=C1)N(C3C2CN(CC3)C)C(=O)NC4=CC(=CC=C4)Cl,Active,85,,,85
42,14746196,878385,C1=CC(=CC(=C1)Cl)NC(=O)NC2=NC=C(C=C2)Cl,Active,77,,,77
43,14747130,727351,CC1=NC(=S)C2=CC=CC=C2N1,Active,87,,,87
44,17401712,611216,CC1=NN(C2=CC=CC3=C(C=CC1=C32)OC)C,Active,40,,,40
45,17403649,5759067,C1CC(OC1)CN2C(=O)/C(=C\C3=CC=C(O3)C4=CC=CC=C4Cl)/SC2=S,Active,45,,,45
46,17407821,1462281,CC1=NC2=CC=CC=C2N1C3CCN(CC3)CC(=O)NCC4=CC=C(C=C4)F,Active,59,,,59
47,17409281,1072946,CC1=CC=C(C=C1)OC(=O)C2=CC3=C(C=C2)SN=N3,Active,81,,,81
48,17409514,1479767,C1=CC(=C(C(=C1)Cl)Cl)C(=O)OCC2=CN=C(S2)Cl,Active,76,,,76
49,17410199,1478622,CC(C)CC(=O)OCC1=CN(N=N1)C2=CC=CC=C2,Active,83,,,83
50,17410575,1475539,CN(C)C1=NC(=NC(=C1)CSC)SCC2=C(C=C(C=C2)Cl)Cl,Active,76,,,76
51,17410578,1475518,CC1=CC=C(C=C1)SC2=C(C(=NN2C)C3=CC=CC=C3)C#N,Active,78,,,78
52,17410935,1484233,C1CC1C(=O)NC2=CC=CN3C2=NN=C3C(F)(F)F,Active,73,,,73
53,17414691,977785,C1=CC=C(C(=C1)CSC2=NC=C(N2)C3=CC=C(C=C3)[N+](=O)[O-])Cl,Active,80,,,80
54,17431838,2299067,CC1=C(ON=C1C)NS(=O)(=O)C2=CC=C(C=C2)N/C=C/C(=O)C3=CC(=CC=C3)OC,Active,82,,,82
55,17432330,1332670,C1C2=C(C=CC(=C2)NC(=O)COC3=CC=CC=C3)C4=C1C=C(C=C4)NC(=O)COC5=CC=CC=C5,Active,100,,,104
56,17432332,135425018,CN(C)C1=CC=C(C=C1)/C=C/2\C(=O)N(C(=O)S2)CCN=C3C4=CC=CC=C4S(=O)(=O)N3,Active,91,,,91
57,17432852,807202,C#CCN1C=C(C2=CC=CC=C21)C=C3C(=O)C4=CC=CC=C4C3=O,Active,58,,,58
58,17433266,1316586,COC1=CC=CC=C1OCC2=CC=C(C=C2)C(=O)NC3=CC=CC=C3F,Active,47,,,47
59,17506281,792025,CC1=CC(=CC=C1)N=CC2=C(C(=CC(=C2)OC)[N+](=O)[O-])O,Active,44,,,44
60,17508416,5584117,CCCCCCC1=C(C=C2C(=C1)C=C(C(=O)O2)C(=O)NC3=CC=CC=C3)O,Active,45,,,45
61,17509145,12004742,CC/C(=C\C1=[N+](C2=C(S1)C=CC(=C2)OC)CCO)/C=C\3/N(C4=C(S3)C=CC(=C4)OC)CCO.[Cl-],Active,60,,,60
62,17510638,4661200,CC1CC(NC(=S)N1CCCC(=O)NC2=C(C=CC(=C2)OC)OC)(C)C,Active,43,,,43
63,17512903,1540147,COC1=C(C=C(C=C1)/C=C\2/C(=S)NC(=O)S2)OC,Active,53,,,53
64,17514060,9638528,C1=CC=C2C(=C1)C=C(C(=N2)Cl)/C=N/NC3=NC4=CC=CC=C4N3,Active,93,,,93
65,17516589,5046669,CC1CC2=CC=CC=C2N1C(=O)C3=CC(=C(C=C3)N4CCCC4)[N+](=O)[O-],Active,56,,,56
66,17516590,3510619,COC1=C(C=C2C(OC(=O)CC2=C1)C3=CC=CC=C3F)OC,Active,98,,,98
67,17517329,9641005,C/C(=N\NC(=O)COC1=CC=C(C=C1)C(C)(C)C)/C2=CC3=C(C=C2)OCCO3,Active,85,,,85
68,22403431,9654767,CC1(C2CC=C(C1C2)/C=N/NC(=S)NC)C,Active,69,,,69
69,22404720,6311834,C1CC(OC1)CNC(=O)C2=C(C3=C(S2)N=C4/C(=C/C5=CC=CO5)/CCC4=C3C6=CC=CO6)N,Active,65,,,65
70,22404884,7125637,C1CC1NC(=O)C2=C(C3=C(S2)N=C4/C(=C\C5=CC=CO5)/CCC4=C3C6=CC=CO6)N,Active,43,,,43
71,22412726,8219205,C1=CC=C(C(=C1)/C=C/C(=O)C2=C(C(=O)C=CC=C2)O)Cl,Active,42,,,42
72,24786480,2895217,CC1CCN(CC1)C2(C3=C(C=CC(=C3)Br)NC2=O)O,Active,47,,,47
73,24787410,4970705,CN1C2=C(C=C(C=C2)NC(=O)C3=CC=CS3)N=C1CCNC(=O)C4CCCCC4,Active,91,,,91
74,24787829,2234203,COC1=C(C=C(C=C1)C(=O)NC(=S)N2CCNC(=O)C2)Br,Active,79,,,79
75,24787839,2940489,CC1C=CCC2C1C(=O)N(C2=O)C3=CC=C(C=C3)OC(=O)C4=CC=CS4,Active,79,,,79
76,24788324,4132205,CC1=C(C=C(C=C1)NC(=O)CSC2=NC3=CC=CC=C3C(=O)N2CCCN4CCCCC4)Cl,Active,62,,,62
77,24789231,1295392,CC(=O)C1=CC(=CC=C1)NC(=O)NC2=CC(=C(C=C2C(=O)OC)OC)OC,Active,85,,,85
78,24789851,135446825,CCOC1=C(C=CC(=C1)/C=C/2\C(=C(C(=N2)C)C(=O)OC)O)O,Active,59,,,59
79,24791184,2192693,CCCCC1=CC=C(C=C1)NC(=S)NCC2=CC=C(C=C2)OC,Active,44,,,44
80,24793999,2242388,C1CCC(CC1)NCC2=C(C=CC(=C2)Br)OCC(=O)NCCC3=CC=CC=C3,Active,78,,,78
81,24794036,1046265,COC1=CC=CC=C1N2C(=NNC2=S)C3=CC(=NN3)C4=CC=C(C=C4)F,Active,44,,,44
82,24794503,5741652,CC1=CC2=C(C=C1C)N=C(N2)/C(=C/C3=CC=NC=C3)/C#N,Active,44,,,44
83,24794795,2220915,COC1=C(C=C(C=C1)CCNC(=O)C2=CC(=NC3=C2C=CC=C3Cl)C4=CC=CC=N4)OC,Active,41,,,41
84,24796254,2184268,CN(CCCOC1=CC=CC=C1Br)CC2=CC=CC=C2,Active,91,,,91
85,24797035,1172852,CCOC1=CC(=C(C=C1NC(=O)C2=CC=C(C=C2)OC)OCC)NC(=S)NC,Active,53,,,53
86,24798634,16190305,CC1=CC(=NO1)C2=NN=C(O2)CCC(=O)NC(C)C3=CC=CC4=CC=CC=C43,Active,73,,,73
87,24806925,16192804,CCN\1C2=C(C=C(C(=C2)C)C)S/C1=C\C3=[N+](C4=C(C=C3)C=C(C=C4)C)CC.[I-],Active,40,,,40
88,24807524,3153700,CC1=CC(=NO1)NC(=O)CCCC(=O)NCC2=CC=CC=C2,Active,51,,,51
89,24808475,16192912,CCN1/C(=C/C2=[N+](C3=C(C=C2)C=C(C=C3)C)C)/SC4=C1C5=C(C=C4)SC=C5.[I-],Active,54,,,54
90,24809038,776370,C1CCN(C1)C2=C3C4=C(C5=CC=CC=C5C3=O)ON=C4C=C2,Active,46,,,46
91,24809425,6896913,COC(=O)C1=CC=C(C=C1)/C=N/NC(=O)CC(=O)NCC2=CN=CC=C2,Active,54,,,54
92,24809589,4915707,COC1=C(C=C(C=C1)S(=O)(=O)NCCOC2=CC=CC3=C2N=CC=C3)OC,Active,76,,,76
93,24810488,9624916,CC1=CC=C(C=C1)NC(=O)C/C(=N/OC(=O)C2=CC=CC=C2)/N,Active,73,,,73
94,24814469,16194369,CCCCC(C(CC1=CC=C(C=C1)F)N)C(=O)OCC.Cl,Active,58,,,58
95,24815665,16194700,CC1=C(C=C(C=C1)C(=O)N(CCCN(C)C)C2=NC3=C(S2)C=C(C=C3)Cl)C.Cl,Active,82,,,82
96,24815782,16194752,CCN(CC)CCN(C1=NC2=CC3=C(C=C2S1)OCCO3)C(=O)C4=CC=C(C=C4)N5C(=O)CCC5=O.Cl,Active,43,,,43
97,24816176,9624494,CCOC1=CC=CC=C1/C=N/NC(=O)CNC(=O)COC2=CC=CC=C2,Active,79,,,79
98,24818935,3845234,C1=CC=C(C=C1)NC(=O)NC2=CC3=C(C=C2)N=CO3,Active,41,,,41
99,24818989,5707302,CN(C)/C=C/C(=O)C1=C(C=C(C=C1)C(F)(F)F)F,Active,74,,,74
100,24820573,3802705,CN1CC(C(C1)C(=O)C2=CC=C(C=C2)F)C3=CC(=C(C=C3)OC)Cl,Active,81,,,81
101,24822003,3721644,C1CN(CCN1CCC2C(=O)NC3=C(O2)C=C(C=C3)[N+](=O)[O-])CC4=CC5=C(C=C4)OCO5,Active,72,,,72
102,24825948,2446277,CC1=C(N=C(S1)NC(=O)CN2C=NN=N2)C3=CC=C(C=C3)Cl,Active,84,,,84
103,24831671,5107205,C1CN(CCN1C2=CC=CC=C2F)C(=O)C3=CC(=O)C4=CC=CC=C4O3,Active,66,,,66
104,24832131,4882752,CC(C1=CC=CC=C1)NC(=O)CN(C)CC2=C(C=C(C=C2)OC)OC,Active,62,,,62
105,24832145,135498532,C1CCC(C1)NC(=O)NC(=O)COC(=O)CCCN=C2C3=CC=CC=C3S(=O)(=O)N2,Active,97,,,97
106,24832372,4587062,CCC1=C(C(=NC2=CC=CC=C2N1)NC(=O)C3=CC=C(C=C3)S(=O)(=O)N4CCOCC4)C(=O)OCC,Active,78,,,78
107,24833983,16196586,CC[C@H](C)[C@@H](C(=O)N1CCN(CC1)C2=NC(=NC(=N2)N3CCN(CC3)C(=O)[C@H](CC4=CC5=CC=CC=C5N4)N6C=C(N=N6)[C@H](CC7=CC=C(C=C7)O)N)NCCOCCOCCOCC#C)N8C=C(N=N8)[C@H](CC(C)C)N.Cl,Active,80,,,80
108,24834100,4215262,CCC1=CC=C(C=C1)NC(=O)C(C)OC(=O)C2=C(N=CC=C2)OCC,Active,50,,,50
109,24834137,16196665,CC(C)(C)OC(=O)[C@H](CCCCNC(=O)OC(C)(C)C)NC(=O)C1=C(NC=N1)C(=O)N(C)CC2=CC=CC=C2,Active,83,,,83
110,24834248,2453689,C1=CC=C(C=C1)C(=O)OCC(=O)C2=CC=CN2,Active,79,,,79
111,24835166,2558556,CN(CC1=CC=CS1)C(=O)CCC2=CNC3=CC=CC=C32,Active,48,,,48
112,24835659,2492710,CCOC(=O)C1=CC=C(C=C1)NC(=O)CSCCC(=O)O,Active,90,,,90
113,24835707,6216001,CC1=NN(C(=C1)N/C(=N/S(=O)(=O)C2=C(C=CC(=C2)F)F)/C3=CC=CC=C3)C4=CC=CC=C4,Active,50,,,50
114,24837005,2102546,COC1=CC=C(C=C1)N2CCN(CC2)C(=O)C3=CC(=O)NC4=CC=CC=C43,Active,80,,,80
115,24837355,4407278,CC1=C(C=C(C=C1)S(=O)(=O)N2CCCCC2)NC(=O)COC(=O)C3=CC=CC=C3F,Active,78,,,78
116,24840440,4133879,CN(C)CCNC(=O)C(=O)C1C2=CC=CC=C2NC1=O,Active,78,,,78
