PUBCHEM_RESULT_TAG,PUBCHEM_SID,PUBCHEM_CID,PUBCHEM_EXT_DATASOURCE_SMILES,PUBCHEM_ACTIVITY_OUTCOME,PUBCHEM_ACTIVITY_SCORE,PUBCHEM_ACTIVITY_URL,PUBCHEM_ASSAYDATA_COMMENT,Qualifier,IC50,LogIC50,Maximal Response,Baseline Response,Inflection Point Concentration,Hill Slope,Response Range,Chi Square,Rsquare,Number of DataPoints,Excluded Points,Inhibition at 0.003 uM [1],Inhibition at 0.003 uM [2],Inhibition at 0.003 uM [3],Inhibition at 0.010 uM [1],Inhibition at 0.010 uM [2],Inhibition at 0.010 uM [3],Inhibition at 0.031 uM [1],Inhibition at 0.031 uM [2],Inhibition at 0.031 uM [3],Inhibition at 0.092 uM [1],Inhibition at 0.092 uM [2],Inhibition at 0.092 uM [3],Inhibition at 0.275 uM [1],Inhibition at 0.275 uM [2],Inhibition at 0.275 uM [3],Inhibition at 0.828 uM [1],Inhibition at 0.828 uM [2],Inhibition at 0.828 uM [3],Inhibition at 2.5 uM [1],Inhibition at 2.5 uM [2],Inhibition at 2.5 uM [3],Inhibition at 7.4 uM [1],Inhibition at 7.4 uM [2],Inhibition at 7.4 uM [3],Inhibition at 22.3 uM [1],Inhibition at 22.3 uM [2],Inhibition at 22.3 uM [3],Inhibition at 67.0 uM [1],Inhibition at 67.0 uM [2],Inhibition at 67.0 uM [3]
RESULT_TYPE,,,,,,,,STRING,FLOAT,FLOAT,FLOAT,FLOAT,FLOAT,FLOAT,FLOAT,FLOAT,FLOAT,INTEGER,STRING,FLOAT,FLOAT,FLOAT,FLOAT,FLOAT,FLOAT,FLOAT,FLOAT,FLOAT,FLOAT,FLOAT,FLOAT,FLOAT,FLOAT,FLOAT,FLOAT,FLOAT,FLOAT,FLOAT,FLOAT,FLOAT,FLOAT,FLOAT,FLOAT,FLOAT,FLOAT,FLOAT,FLOAT,FLOAT,FLOAT
RESULT_DESCR,,,,,,,,Activity Qualifier identifies if the resultant data IC50 came from a fitted curve or was determined manually to be less than or greater than its listed IC50 concentration.,The concentration at which 50 percent of the activity in the inhibitor assay is observed; (IC50) shown in micromolar.,Log10 of the qualified IC50 (IC50) from the inhibitor assay in M concentration,The maximal or asymptotic response above the baseline as concentration increases without bound.,"Adjustable baseline of the curve fit, minimal response value.",The concentration value for the inflection point of the curve.,"The variable HillSlope describes the steepness of the curve. This variable is called the Hill slope, the slope factor, or the Hill coefficient. If it is positive, the curve increases as X increases. If it is negative, the curve decreases as X increases. A standard sigmoid dose-response curve (previous equation) has a Hill Slope of 1.0. When HillSlope is less than 1.0, the curve is more shallow. When HillSlope is greater than 1.0, the curve is steeper. The Hill slope has no units.",The range of Y.,"A measure for the 'goodness' of a fit. The chi-square test (Snedecor and Cochran, 1989) is used to test if a sample of data came from a population with a specific distribution.",This statistic measures how successful the fit explains the variation of the data; R-square is the square of the correlation between the response values and the predicted response values.,Overall number of data points of normalized percent inhibition that was used for calculations (includes all concentration points); in some cases a data point can be excluded as outlier.,Flags to indicate which of the dose-response points were excluded from analysis. (1) means the point was excluded and (0) means the point was not excluded.,Value of % inhibition at 0.003 uM compound concentration; replicate [1],Value of % inhibition at 0.003 uM compound concentration; replicate [2],Value of % inhibition at 0.003 uM compound concentration; replicate [3],Value of % inhibition at 0.010 uM compound concentration; replicate [1],Value of % inhibition at 0.010 uM compound concentration; replicate [2],Value of % inhibition at 0.010 uM compound concentration; replicate [3],Value of % inhibition at 0.031 uM compound concentration; replicate [1],Value of % inhibition at 0.031 uM compound concentration; replicate [2],Value of % inhibition at 0.031 uM compound concentration; replicate [3],Value of % inhibition at 0.092 uM compound concentration; replicate [1],Value of % inhibition at 0.092 uM compound concentration; replicate [2],Value of % inhibition at 0.092 uM compound concentration; replicate [3],Value of % inhibition at 0.275 uM compound concentration; replicate [1],Value of % inhibition at 0.275 uM compound concentration; replicate [2],Value of % inhibition at 0.275 uM compound concentration; replicate [3],Value of % inhibition at 0.828 uM compound concentration; replicate [1],Value of % inhibition at 0.828 uM compound concentration; replicate [2],Value of % inhibition at 0.828 uM compound concentration; replicate [3],Value of % inhibition at 2.5 uM compound concentration; replicate [1],Value of % inhibition at 2.5 uM compound concentration; replicate [2],Value of % inhibition at 2.5 uM compound concentration; replicate [3],Value of % inhibition at 7.4 uM compound concentration; replicate [1],Value of % inhibition at 7.4 uM compound concentration; replicate [2],Value of % inhibition at 7.4 uM compound concentration; replicate [3],Value of % inhibition at 22.3 uM compound concentration; replicate [1],Value of % inhibition at 22.3 uM compound concentration; replicate [2],Value of % inhibition at 22.3 uM compound concentration; replicate [3],Value of % inhibition at 67.0 uM compound concentration; replicate [1],Value of % inhibition at 67.0 uM compound concentration; replicate [2],Value of % inhibition at 67.0 uM compound concentration; replicate [3]
RESULT_UNIT,,,,,,,,NONE,MICROMOLAR,NONE,NONE,NONE,MICROMOLAR,NONE,NONE,NONE,NONE,NONE,NONE,PERCENT,PERCENT,PERCENT,PERCENT,PERCENT,PERCENT,PERCENT,PERCENT,PERCENT,PERCENT,PERCENT,PERCENT,PERCENT,PERCENT,PERCENT,PERCENT,PERCENT,PERCENT,PERCENT,PERCENT,PERCENT,PERCENT,PERCENT,PERCENT,PERCENT,PERCENT,PERCENT,PERCENT,PERCENT,PERCENT
RESULT_IS_ACTIVE_CONCENTRATION,,,,,,,,,TRUE,,,,,,,,,,,,,,,,,,,,,,,,,,,,,,,,,,,,,,,,
RESULT_ATTR_CONC_MICROMOL,,,,,,,,,,,,,,,,,,,,0.003,0.003,0.003,0.01,0.01,0.01,0.031,0.031,0.031,0.092,0.092,0.092,0.275,0.275,0.275,0.828,0.828,0.828,2.5,2.5,2.5,7.4,7.4,7.4,22.3,22.3,22.3,67,67,67
1,124755607,53301435,CN1C2=C(C=C(C=C2)C3=CC4=C(C=C3)OCO4)C(=C1C5=CC=C(C=C5)OC)SC6=CC=CC=C6,Active,100,,,=,2.873,-5.542,87.9771,0.901815,2.656,2.97522,87.0753,753.201,0.990003,30,0 0 0 0 0 0 0 0 0 0 0 0 0 0 0 0 0 0 0 0 0 0 0 0 0 0 0 0 0 0,-7.1,-13.3,2.5,5,-3.6,-3.5,6,4.2,8,-9.6,3.2,4.7,11.5,5.3,5.4,5,-0.6,0.9,41.4,37.7,43.5,84.4,84.7,82.8,89.7,90.2,91,88.1,88.6,87.9
2,87348582,1943710,CCCCC1=NC2=C(C3=C1CCC3)C4=C(S2)C(=NC=N4)SCC(=O)NCC5=CC=CO5,Active,99,,,=,3.284,-5.484,64.5369,-2.51974,1.76,2.36312,67.0566,-132.31,0.990059,30,0 0 0 0 0 0 0 0 0 0 0 0 0 0 0 0 0 0 0 0 0 0 0 0 0 0 0 0 0 0,-7.4,-4.5,3,-5.8,0.4,5.1,-10.2,-9.6,-2.8,-7.1,4.4,0.5,-2.2,-0.5,2,3.5,5.3,10.9,39,45.1,42.5,60.9,60,60,62.8,62,63.5,60,61,61.5
3,14742160,2014844,CC1=NC2=C(C(=N1)SCC(=O)NCCC3=CC=CC=C3)OC4=CC=CC=C42,Active,99,,,=,3.425,-5.465,69.7501,1.00645,2.423,2.48336,68.7436,320.685,0.990384,30,0 0 0 0 0 0 0 0 0 0 0 0 0 0 0 0 0 0 0 0 0 0 0 0 0 0 0 0 0 0,-6.6,-6.3,-1.3,0.7,1,4.3,3.9,-3.7,-0.8,1.1,7.4,4.9,11.4,1.9,5.3,-1.3,8.7,0.2,36.2,38.7,39.4,63.2,64.2,65,71.1,70.9,72.5,72,71,72.3
4,14738001,9551239,CC1=CC(=CC=C1)NC(=O)C2CCCN(C2)S(=O)(=O)C3=CC=CC4=NSN=C43,Active,97,,,=,4.285,-5.368,71.3428,4.19335,4.178,23.0719,67.1495,137.717,0.978256,30,0 0 0 0 0 0 0 0 0 0 0 0 0 0 0 0 0 0 0 0 0 0 0 0 0 0 0 0 0 0,3.8,13,1.6,10,5.4,0.3,5,1.3,6.5,2.9,-6.7,11.5,0.1,10,9.3,3.6,7.5,-6,2.2,-0.1,6.9,77.7,80.2,79.7,83.1,82.8,83.5,63.8,66,63
5,14739343,2197541,CC(C)C1=CC=C(C=C1)C2=C(C(=NC(=C2C#N)SCC(=O)N3CCCCC3)N)C#N,Active,94,,,=,6.046,-5.219,88.1935,-0.205576,5.006,1.47779,88.3991,-459.825,0.990306,30,0 0 0 0 0 0 0 0 0 0 0 0 0 0 0 0 0 0 0 0 0 0 0 0 0 0 0 0 0 0,-11.4,0.9,1.7,5.3,3.5,4.3,-2.2,7,5.2,-4.9,-2.1,1.9,-6,4.8,-2.4,3.2,1.6,2.4,19.2,28.4,29.2,54.3,54.2,56.7,79.8,79.3,79.9,86.5,86.3,85.9
6,857916,659270,CCOC(=O)CSC1=C(C(=C(C(=N1)N)C#N)C2=CC=C(C=C2)OC)C#N,Active,92,,,=,7.626,-5.118,65.6604,0.274652,6.971,12.6793,65.3857,1311.29,0.987435,30,0 0 0 0 0 0 0 0 0 0 0 0 0 0 0 0 0 0 0 0 0 0 0 0 0 0 0 0 0 0,-6.1,3.1,-7.7,7.3,5.1,2.7,-5.7,-1.5,1.9,4.5,-3.2,4.1,1.9,-1.8,3.3,2.4,0.2,3.4,-4.8,1.5,-4.8,44.9,48.5,45.1,63.5,62.2,64.1,68.8,68.4,68.7
7,26731585,2818996,COC1=CC=C(C=C1)C2=C(C(=NC(=C2C#N)SC3=CC=C(C=C3)Cl)N)C#N,Active,91,,,=,8.489,-5.071,70.9321,2.58835,5.484,1.60433,68.3438,93.9109,0.992016,30,0 0 0 0 0 0 0 0 0 0 0 0 0 0 0 0 0 0 0 0 0 0 0 0 0 0 0 0 0 0,7.2,-4,0.2,8.7,8.5,2,0.9,-1.1,7.4,-1.4,7.5,0.7,0.7,2.3,0.2,6,7.2,6,17,15.4,20.5,44.6,48.6,49.1,62.7,66.7,66.6,72.7,74.4,72.5
8,49675050,4792884,CN1C2=C(N=C1C3=C(C=CC(=C3)Br)OC)N(C(=O)NC2=O)CC4=CC=CC=C4,Active,89,,,=,9.534,-5.021,63.7046,2.79721,6.091,2.3459,60.9074,135.477,0.984268,30,0 0 0 0 0 0 0 0 0 0 0 0 0 0 0 0 0 0 0 0 0 0 0 0 0 0 0 0 0 0,-1.9,-0.7,9.8,9.2,-0.3,5.8,-4,-3.1,1.6,-1.9,8.2,1.9,6.3,4.4,5,3.4,11.7,0.8,13.1,3.2,7.9,42.2,45.2,42.2,60.3,60.2,60.4,68,68.3,70.3
9,49820915,1960924,COC1=CC(=C(C=C1)C(=O)NC(=S)NC2=CC3=C(C=C2)NC(=O)N3)OC,Inactive,78,,,=,16.271,-4.789,83.834,0.791339,11.796,1.09265,83.0427,236.05,0.98927,30,0 0 0 0 0 0 0 0 0 0 0 0 0 0 0 0 0 0 0 0 0 0 0 0 0 0 0 0 0 0,-4.5,-4.1,-2,4,8.1,2.6,4.4,-1.8,0.4,4.1,-4.2,4.1,6.1,3.8,0.2,5.6,-0.6,3.5,15,10.7,20.7,29.9,31.1,33.4,57.8,57.8,56.1,74.2,74,72.5
10,843386,645675,C1CCC(C1)N2C(=NN=N2)C(C3=CC4=CC5=C(C=C4NC3=O)OCCO5)N6CCSCC6,Inactive,78,,,=,16.348,-4.787,66.6669,0.798207,10.372,2.27605,65.8687,913.354,0.965125,30,0 0 0 0 0 0 0 0 0 0 0 0 0 0 0 0 0 0 0 0 0 0 0 0 0 0 0 0 0 0,1,-0.6,3.3,6.1,15,-10.6,2.1,-1.2,2,-3,-6.4,10.8,5.4,-0.6,1,6,5.4,-10.9,1.7,-4.7,-0.1,18,25.2,27.8,55.1,56.6,56.6,67.5,67.5,67.4
11,862310,663539,CC1=NC2=C(C(=N1)SCC(=O)NC3=CC4=C(C=C3)OCCO4)OC5=CC=CC=C52,Inactive,77,,,=,17.083,-4.767,84.5861,0.426405,16.151,6.20245,84.1597,902.43,0.989891,30,0 0 0 0 0 0 0 0 0 0 0 0 0 0 0 0 0 0 0 0 0 0 0 0 0 0 0 0 0 0,2.3,0.2,3.2,1,-2.8,-8.7,-8.3,1.5,1.9,5.7,-0.2,2.5,-1.6,-2.7,9.1,-1.8,5.7,-2.1,4.8,2.1,-2.9,-0.9,4.1,0.1,75.2,75,74.9,85,85.4,84.6
12,17388060,1045716,CC1=CC(=C(C(=O)N1CC(=O)NC2=C(C=C(C=C2)Cl)Cl)C#N)COC,Inactive,71,,,=,20.978,-4.678,60.6329,1.60195,14.929,4.04302,59.0309,205.118,0.982332,30,0 0 0 0 0 0 0 0 0 0 0 0 0 0 0 0 0 0 0 0 0 0 0 0 0 0 0 0 0 0,5.4,1.7,1.1,-11.6,-0.9,-0.6,3.6,-1.6,3.2,2.7,-1.3,3.4,4.1,6.3,2.6,2.5,5.3,0.1,6,-2.5,4.2,8.1,7,0,52.5,51.5,52.9,61.9,62.8,61.5
13,49820325,5927505,C1COC2=C(O1)C=CC(=C2)/C(=C\3/C(N(C(=O)C3=O)CCCN4C=CN=C4)C5=CC(=CC=C5)Br)/O,Inactive,70,,,=,21.826,-4.661,72.7013,0.336592,8.73,0.838285,72.3647,398.185,0.973446,30,0 0 0 0 0 0 0 0 0 0 0 0 0 0 0 0 0 0 0 0 0 0 0 0 0 0 0 0 0 0,-0.1,0.3,-9,-4.7,4,2.5,1.3,4.7,-0.5,12.5,1.2,3.7,3,-5.4,7.6,8.5,19.1,8.3,19,11,21.4,40.7,29,30.9,55.1,49.9,52,60.7,62.9,59.2
14,14731922,1477791,C1=CC=C(C=C1)C2=NC=CC(=N2)C3=CC=C(C=C3)N4C=NC5=CC=CC=C54,Inactive,69,,,=,21.953,-4.659,56.5398,3.73662,13.551,3.11837,52.8032,107.997,0.976565,30,0 0 0 0 0 0 0 0 0 0 0 0 0 0 0 0 0 0 0 0 0 0 0 0 0 0 0 0 0 0,16.3,2.7,6.7,2.6,-0.5,9.8,9.2,1.8,3.2,0.3,-1.9,2.6,1.2,-0.7,-1.3,6.1,5.8,1.8,3.9,1.8,7.9,14.1,14,5.7,50.5,53.3,47.7,57.9,61.8,59.9
15,14733459,3641859,CC1=CC2=CC=CC=C2N1CCNC(=O)C3CCCCC3,Inactive,67,,,=,23.656,-4.626,52.9248,1.625,20.295,15.4276,51.2998,212.053,0.977274,30,0 0 0 0 0 0 0 0 0 0 0 0 0 0 0 0 0 0 0 0 0 0 0 0 0 0 0 0 0 0,9.2,-3.4,0.5,-2,3,-2.9,4.1,2.3,-5.1,-2.6,0.3,-2.2,0.5,5.4,1.4,2.4,7.8,6.7,4.3,3,6.2,-2.7,3.8,-0.9,45.9,43.8,44.6,54.1,53.8,55.8
16,87337560,692203,C1=CC=C(C=C1)OC(=O)OC2=CC3=C(C=C2)C4=CC=CC=C4C(=O)O3,Inactive,64,,,=,25.114,-4.6,66.1486,-1.36957,5.162,0.787447,67.5182,-6.25167,0.987433,30,0 0 0 0 0 0 0 0 0 0 0 0 0 0 0 0 0 0 0 0 0 0 0 0 0 0 0 0 0 0,-0.4,1.9,-5.8,-5.2,-1.1,-1.4,-0.5,-1.9,1,0.5,8.2,1.9,10.4,-1,9.1,8.2,12.4,7.1,24.3,17.5,26.5,34.9,36.4,36.6,47.2,49.9,53.4,56.6,57.2,55.1
17,57268933,16282512,CC1=CC=C(C=C1)NC(=O)CN(C)C(=O)COC2=NC=NC3=C2C=C(C=C3)Br,Inactive,63,,,=,25.991,-4.585,60.9231,3.83441,13.732,1.7875,57.0886,90.8607,0.978508,30,0 0 0 0 0 0 0 0 0 0 0 0 0 0 0 0 0 0 0 0 0 0 0 0 0 0 0 0 0 0,7.6,2.7,3.3,6.9,4.3,5.4,-0.1,9.6,0.3,1.3,3.1,14.7,8.5,-0.7,0.2,7.9,3.4,-1.1,5.7,-0.5,3.8,17.6,22.2,23.2,44,49.3,43.9,61.6,63.5,60.4
18,49820725,4911790,COC1=CC2=C(C=C1)C=C(N2)C(=O)N3CCC4=CC=CC=C4C3,Inactive,63,,,=,26.163,-4.582,52.7884,1.52331,8.981,2.26312,51.2651,331.943,0.967131,30,0 0 0 0 0 0 0 0 0 0 0 0 0 0 0 0 0 0 0 0 0 0 0 0 0 0 0 0 0 0,3.4,0.9,0.1,7.9,-7.9,2.8,6,-1.2,2.8,-9.6,7.5,-7.1,1.2,0.3,7.4,9.4,1.9,4.6,3.5,-0.2,6.8,26.5,21.6,19.6,51.1,49.9,43.8,53.8,52.9,54.8
19,17410742,814519,C1=CC=C2C(=C1)C3=C(N2)C(=S)N=CN3,Inactive,60,,,=,28.102,-4.551,74.3798,2.15228,26.428,9.60523,72.2275,295.611,0.96521,30,0 0 0 0 0 0 0 0 0 0 0 0 0 0 0 0 0 0 0 0 0 0 0 0 0 0 0 0 0 0,0.7,-1.4,-0.5,3.4,13.1,2.2,1,-0.7,4.6,11,-0.4,2.2,0,-2.1,3,-4.1,3.4,5.7,16,-6.3,0.7,5.1,-2.1,-2.6,18.5,13.8,11.3,76.2,75.8,77.6
20,47204237,1086869,COC1=CC(=C(C=C1)C(=O)NC2=NN=C(S2)CC3=CC=CC=C3)OC,Inactive,58,,,=,29.222,-4.534,55.0576,3.72738,11.8,1.83219,51.3302,65.9872,0.983485,30,0 0 0 0 0 0 0 0 0 0 0 0 0 0 0 0 0 0 0 0 0 0 0 0 0 0 0 0 0 0,2.3,6.1,8.1,3,7.2,-3.3,1.5,1.6,3,8.8,6.8,5.5,2.4,1.9,3.5,2.2,11.8,-0.4,9.1,5.6,0.4,22.7,18.2,22.5,44.5,46.2,44.9,57.3,58.1,55.3
21,49825658,1350510,CC(=O)C1=CC(=CC=C1)NC(=O)C2=CC(=CC=C2)N3C(=O)C4=CC=CC=C4C3=O,Inactive,57,,,=,29.933,-4.524,67.5121,3.09332,21.174,2.37615,64.4188,131.641,0.973792,30,0 0 0 0 0 0 0 0 0 0 0 0 0 0 0 0 0 0 0 0 0 0 0 0 0 0 0 0 0 0,6.8,0.1,10.3,-0.6,4.4,3.1,3.6,-3.2,-3.9,8.7,0.5,-3.8,8.3,3.2,-0.5,0.3,8.6,4.4,8.3,2.8,5.8,0.4,14.5,8.8,36.1,39.6,41.5,67.6,66.7,65.2
22,49669908,4191572,COC1=CC=CC=C1CN2C(=O)C3=C(C=CC(=C3)F)NC2=S,Inactive,56,,,=,30.143,-4.521,53.0656,-1.19328,22.905,12.0479,54.2589,-400.721,0.94601,30,0 0 0 0 0 0 0 0 0 0 0 0 0 0 0 0 0 0 0 0 0 0 0 0 0 0 0 0 0 0,5.6,-6.6,-3.9,5.7,7.2,-8.2,3.1,3.3,-2.6,1,-4.8,-5.8,0.4,0.1,1.6,1.1,-4.2,1,-1.8,1,-6.1,-7.5,0.1,-8.3,23.5,15.8,25.5,52.9,49.4,53.3
23,17388391,135490312,C1CC2=C(C1)N=C3C(=C2C4=CC=C(C=C4)Cl)C5=C(S3)C(=O)NC=N5,Inactive,53,,,=,32.189,-4.492,58.0586,1.00101,7.846,1.19581,57.0576,153.174,0.989081,30,0 0 0 0 0 0 0 0 0 0 0 0 0 0 0 0 0 0 0 0 0 0 0 0 0 0 0 0 0 0,-5.6,-1.1,2,-1.5,3,8.5,-1.7,3.2,1,3,4.4,2.3,-3.6,2,1.2,4.7,4.8,6.5,12.6,13.3,13.1,30.2,30.1,25.6,44.2,47.5,48,53.8,56.1,54.2
24,49819974,5809890,C1COC2=C(O1)C=CC(=C2)/C(=C\3/C(N(C(=O)C3=O)CC4=CC=NC=C4)C5=CC=CC=C5F)/O,Inactive,53,,,=,32.451,-4.489,52.7528,0.576472,4.609,1.38214,52.1764,232.341,0.978658,30,0 0 0 0 0 0 0 0 0 0 0 0 0 0 0 0 0 0 0 0 0 0 0 0 0 0 0 0 0 0,-1.1,0,-3.5,-0.1,2.6,2.2,-2.8,2.4,-3.8,-1,5.9,3.3,8.1,-5.9,3.8,1.1,6.3,12.9,8.4,21.8,15.4,35.8,32.3,37.7,49.8,52.7,45.9,50.3,49.6,53
25,24823713,4601866,C1=CC(=CC=C1CCNC(=O)CCCCCN2C(=O)C3=C(C=CC(=C3)Br)NC2=S)S(=O)(=O)N,Inactive,51,,,=,33.556,-4.474,66.706,-2.07138,22.861,3.30696,68.7774,-606.586,0.958147,30,0 0 0 0 0 0 0 0 0 0 0 0 0 0 0 0 0 0 0 0 0 0 0 0 0 0 0 0 0 0,-1.7,-5.9,-6.6,-3.7,2.3,4,-5,-8,2,-6.8,0.2,-4.8,-1.8,-0.6,-5.7,11,-6.3,-4.8,-1.9,2.4,-1.4,-11.7,3.4,6.6,32.8,31,26.3,62.1,64.3,61.9
26,124755603,53301431,CN1C2=C(C=C(C=C2)C3=CC(=C(C=C3)OC)OC)C(=C1C4=CC(=CC(=C4)OC)OC)SC5=CC=CC=C5,Inactive,42,,,=,39.628,-4.402,49.255,2.02466,15.364,3.82492,47.2303,219.187,0.965598,30,0 0 0 0 0 0 0 0 0 0 0 0 0 0 0 0 0 0 0 0 0 0 0 0 0 0 0 0 0 0,7.1,5.9,4.2,2.2,6.3,8.8,-3.1,12,2.8,-0.3,-1.8,-6.5,-0.5,-3.3,0.8,5,-2.6,0.8,4.5,-3.3,3.5,6.3,1.1,7.4,41.6,44.3,39.4,52,50.2,51.1
27,17515555,2150404,C1=CC=C(C=C1)N2C(=O)C3=C(C4=CC=CC=C4O3)NC2=S,Inactive,37,,,=,42.216,-4.375,52.225,0.763483,28.572,7.17711,51.4615,537.566,0.945208,30,0 0 0 0 0 0 0 0 0 0 0 0 0 0 0 0 0 0 0 0 0 0 0 0 0 0 0 0 0 0,8.5,-7.2,7.7,1.4,2,0.2,3.3,0,-0.4,4.7,3.1,3.2,-5.1,-0.1,7.1,-0.9,2.1,-0.5,-4.3,-6.1,-0.8,-4.3,0.8,4.2,4.6,4.7,16,55.2,50.7,52.7
28,14744283,2558414,C1CCC2=C(C1)C=C(S2)C(=O)NC3=NN=C(S3)SCC4=CC=CC=C4,Inactive,34,,,=,44.49,-4.352,54.9858,-0.0789151,11.073,1.67028,55.0647,-348.146,0.977448,30,0 0 0 0 0 0 0 0 0 0 0 0 0 0 0 0 0 0 0 0 0 0 0 0 0 0 0 0 0 0,4.5,-1.4,-7.1,4.2,0.7,0.3,3.2,1.4,2.5,-2.2,5.8,3.3,4.3,-6.5,-1.7,0.5,-5,-6,4.4,3.4,3,18,23.1,18.3,39.8,41.1,41.6,53.4,54.6,50.6
29,26664654,4329248,C1=CC=C2C(=C1)C3=CC=CC=C3NC2=S,Inactive,34,,,=,44.585,-4.351,53.3406,-1.57324,28.437,7.50166,54.9138,-301.797,0.944398,30,0 0 0 0 0 0 0 0 0 0 0 0 0 0 0 0 0 0 0 0 0 0 0 0 0 0 0 0 0 0,-3.3,-4.3,-2.5,6,-10,3,-6.4,2,-2.6,5.4,0.7,-2.9,-1.4,1,-7.2,0,-3.4,-4.6,1.6,6,-7.9,-3.9,3.8,-6.8,6.8,5.3,5.7,50.6,50.9,53.5
30,4259776,5428525,CC1=CC(=C2C(=C(C(=O)OC2=C1)CC(=O)OC)C)O,Inactive,15,,,=,56.132,-4.251,94.2563,0.765563,49.248,0.683685,93.4907,279.041,0.964183,30,0 0 0 0 0 0 0 0 0 0 0 0 0 0 0 0 0 0 0 0 0 0 0 0 0 0 0 0 0 0,3.6,1.2,-5.6,-6.4,-2.3,6.7,7.2,9.6,0.3,-0.5,-2.1,-1.7,3.3,4.2,11.5,10.4,10.3,0.3,8.9,6,10,22,23.7,23.7,39.5,33.1,32.2,50.3,54.1,54.2
31,49826994,1295575,COC(=O)C1=CC=C(C=C1)NC(=O)C2=CC=C(C=C2)NC(=O)C3=CC=CO3,Inactive,12,,,=,58.309,-4.234,70.139,0.884488,28.266,1.17186,69.2545,442.859,0.951994,30,0 0 0 0 0 0 0 0 0 0 0 0 0 0 0 0 0 0 0 0 0 0 0 0 0 0 0 0 0 0,2.4,1.7,12.6,5.1,-6,-0.7,4.1,0.9,3.7,2.3,-6.9,-0.4,-5.7,0.8,8.6,-2.5,2.6,-1.1,7.1,-4.2,4.6,18.5,13.2,15.8,31.5,31.6,26.6,56.6,51.3,49.9
32,24823790,16195574,CC1CCN(CC1)CCCN2C(=O)C3=C(C4=CC=CC=C4S3)NC2=S.Cl,Inactive,7,,,=,61.324,-4.212,467.111,3.17106,109.422,3.78969,463.94,119.692,0.971043,30,0 0 0 0 0 0 0 0 0 0 0 0 0 0 0 0 0 0 0 0 0 0 0 0 0 0 0 0 0 0,6.9,3.5,-0.7,2.7,4.7,4.2,2.9,2.1,-5.6,4.8,0,6.4,4.3,3,2.6,5.4,-6.2,7.7,5.9,0.7,3.3,2.8,13.1,2,0.3,5.8,6.6,66.7,63.2,68.8
33,92763693,3957801,CCOC(=O)C1=C(NC(=S)S1)C,Inactive,1,,,=,65.096,-4.186,8198.49,1.69349,1025.14,1.86027,8196.79,186.58,0.959796,30,0 0 0 0 0 0 0 0 0 0 0 0 0 0 0 0 0 0 0 0 0 0 0 0 0 0 0 0 0 0,7.5,3.3,1.3,-1.2,3.8,-6,5.2,2.2,-1.3,5.6,-3.8,2.8,-4,5.1,-3.8,6.3,-0.2,3.2,3.7,0,3.8,3.1,0.5,7.5,3,11.6,9.5,54.5,52.5,51.5
34,26666921,4677074,C1=CC=C2C(=C1)NC(=S)C3=CC=CN23,Inactive,1,,,=,65.626,-4.183,7098.69,1.53141,2887.89,1.31593,7097.16,332.115,0.935068,30,0 0 0 0 0 0 0 0 0 0 0 0 0 0 0 0 0 0 0 0 0 0 0 0 0 0 0 0 0 0,4.3,4.6,3.8,9.7,0.1,-0.6,-6.3,-0.4,1.5,4.2,-11.8,4.4,7.7,1.6,5,-3.1,4.7,2.6,-4.4,4.4,-1.8,13.1,1.4,4.5,12.8,11.9,13.7,51.9,50.4,51.5
35,17432014,2185557,CN\1C2=CC3=C(C=C2S/C1=C/C(=O)C4=CC=C(C=C4)OC)OCO3,Inactive,0,,,>,66.992,-4.174,,,,,,,,30,0 0 0 0 0 0 0 0 0 0 0 0 0 0 0 0 0 0 0 0 0 0 0 0 0 0 0 0 0 0,-5.4,-0.8,-4.4,-10.7,1.7,4.9,-8.9,-5.3,2.1,-5.2,-5,-0.9,0.4,3.3,-0.7,-7.9,1.5,3.9,16,17.7,15.4,34.2,33.7,36.8,39.1,38,37.6,33.6,32.5,29.4
36,85268370,2393215,COC1=CC(=C(C=C1)NC(=O)COC(=O)C2=CC3=C(C=C2)OCO3)OC,Inactive,0,,,>,66.992,-4.174,,,,,,,,30,0 0 0 0 0 0 0 0 0 0 0 0 0 0 0 0 0 0 0 0 0 0 0 0 0 0 0 0 0 0,-5.5,-3.4,-2.3,-4.8,-3.3,3,2.7,-2.7,-2.7,5.5,3.1,0.1,12.1,-11.7,3.9,0.8,6.8,0.6,-0.3,3.7,2.1,12.7,11.7,6.4,17.3,19.3,11.5,35.1,28.6,27.4
37,49679732,23604867,CN1C2=C(C(=CC(=N2)C(=O)OC)C3=CC=C(C=C3)Br)C(=O)NC1=O,Inactive,0,,,>,66.993,-4.174,,,,,,,,30,0 0 0 0 0 0 0 0 0 0 0 0 0 0 0 0 0 0 0 0 0 0 0 0 0 0 0 0 0 0,-0.8,2.8,-2.4,0.3,-4.4,3.9,2,1.1,-0.1,5.5,1.5,6.3,12.4,-6.2,-4.9,3,1.3,2.9,8.7,3.3,4.6,11.5,9.6,12.1,23.2,24.2,25.2,38.6,32,35
38,26730177,2813808,CC1=CN2C=C(N=C2C=C1)C3=CC(=NO3)C4=CC=CC=C4,Inactive,0,,,>,66.994,-4.174,,,,,,,,30,0 0 0 0 0 0 0 0 0 0 0 0 0 0 0 0 0 0 0 0 0 0 0 0 0 0 0 0 0 0,6.2,-1.1,4,1.7,0.2,9.2,5.3,-1.1,3.3,3.3,4.6,5.6,-1.8,4.9,3.9,5.5,-4.8,-0.1,-4.3,0.8,2.8,13,6.5,9.7,18,21.8,27.5,31.2,32.8,38
39,49648960,806173,C1=CC=C(C=C1)CC2=NC(=S)C3=CC=CC=C3N2,Inactive,0,,,>,66.999,-4.174,,,,,,,,30,0 0 0 0 0 0 0 0 0 0 0 0 0 0 0 0 0 0 0 0 0 0 0 0 0 0 0 0 0 0,-6.3,0.3,7.3,3.9,-1,-0.5,3.5,-7.9,5.4,3.2,7.4,-2.8,9.3,-1.3,-2.5,-4.5,8.9,-1.9,11.9,-7.1,-1.4,-3.8,-4.8,4.8,18.4,20.1,22.4,39.1,37.7,34.8
40,17515419,7120056,CC1=CC=C(C=C1)N2C(=O)C3=C(C4=CC=CC=C4O3)NC2=S,Inactive,0,,,>,67,-4.174,,,,,,,,30,0 0 0 0 0 0 0 0 0 0 0 0 0 0 0 0 0 0 0 0 0 0 0 0 0 0 0 0 0 0,1.5,-4.7,-1.2,0.3,-0.4,-1,8.6,6.2,1.6,-5.8,2.6,0.8,1.2,4,1,8.9,0.6,0,-3.6,-1.4,4.3,-2.7,8.6,-9.6,8.1,-0.3,-2.1,5.8,7.2,3.1
41,14729837,1861856,COC1=C(C=C2C(=C1)C(=O)N(C(=S)N2)NC(=O)C3=CC=CC=C3)OC,Inactive,0,,,>,67,-4.174,,,,,,,,30,0 0 0 0 0 0 0 0 0 0 0 0 0 0 0 0 0 0 0 0 0 0 0 0 0 0 0 0 0 0,-0.7,-5.1,2,2.2,3.7,-0.3,4.7,1.3,10.6,0,6.4,-0.4,8.7,6.5,-13.8,5.1,-3.4,3.9,3,-1.3,-4.2,4.7,0,2.3,13.6,6.4,19,35.8,36.9,34.6
42,49825291,2222059,CSC1=CC=C(C=C1)S(=O)(=O)NC2=CC=CC=C2C(=O)N3CCOCC3,Inactive,0,,,>,67.004,-4.174,,,,,,,,30,0 0 0 0 0 0 0 0 0 0 0 0 0 0 0 0 0 0 0 0 0 0 0 0 0 0 0 0 0 0,0,6.9,-0.3,3.4,1.5,1.9,9,-7.2,-11.9,5.4,-1.6,3.3,-2.5,-1.3,-10.1,8.8,1.3,3,2.6,0,5.7,5.1,3.9,5.5,5.9,6.7,-1,19.1,14.2,13.1
43,51088217,5307791,CCSC1=NN=C(S1)NC(=O)C(CC2=CC=CC=C2)N3C=CC=C3,Inactive,0,,,>,67.004,-4.174,,,,,,,,30,0 0 0 0 0 0 0 0 0 0 0 0 0 0 0 0 0 0 0 0 0 0 0 0 0 0 0 0 0 0,-0.8,6,10,1.9,8.8,8.8,5.6,4.4,2.5,-0.8,5.3,10.5,-0.3,1.1,-3.5,4.2,5.3,8.5,1.6,8.3,2.5,-22,-16,-11.5,-25,-28.3,-18.4,-15.4,-20,-25.6
44,856524,657881,CCOC(=O)C1=C(NSC1=S)C,Inactive,0,,,>,67.016,-4.174,,,,,,,,30,0 0 0 0 0 0 0 0 0 0 0 0 0 0 0 0 0 0 0 0 0 0 0 0 0 0 0 0 0 0,-2.4,0.3,8.4,-9.7,6,1.6,-1.9,-2.5,2,4.2,1,-0.9,2.7,2.1,5.1,-5.1,-2.1,-3.5,-0.7,-1.6,-0.1,5.4,-0.5,-6.4,2.1,2,5.2,45.8,49.4,49.5
45,26667965,649505,C1CN(CCC1C(=O)NC2=CC3=C(C=C2)OCO3)C4=CC=C(C=C4)S(=O)(=O)N5CCOCC5,Inactive,0,,,>,67.021,-4.174,,,,,,,,30,0 0 0 0 0 0 0 0 0 0 0 0 0 0 0 0 0 0 0 0 0 0 0 0 0 0 0 0 0 0,0.2,2.8,-1.9,-2.1,4.5,0.9,5.3,-0.9,2.4,6.9,2.2,8.1,1.1,2.4,-7.7,3.7,-3.1,7.6,-6.9,0,0.2,7.2,10.7,4.9,10.5,12.7,7.3,24.3,26.3,23.7
46,24789898,744304,COC1=CC2=C(C=C1)NC3=C2NC=NC3=S,Inactive,0,,,>,67.029,-4.174,,,,,,,,30,0 0 0 0 0 0 0 0 0 0 0 0 0 0 0 0 0 0 0 0 0 0 0 0 0 0 0 0 0 0,-3.2,-1.5,-3.1,-4.7,-1,-3.4,-5.9,8,10.9,-1.9,-3.2,3.5,2.2,3.2,0,-4.2,6.4,7.5,2.8,2.6,2.5,6.4,-2.6,0.4,-6.1,0.1,4.2,9.7,14.6,15.8
47,3716203,2668331,CC1=C(C(=NO1)C)COC2=C(C=C(C=C2)C(=O)OC3=CC=CC=C3)OC,Inactive,0,,,>,67.029,-4.174,,,,,,,,30,0 0 0 0 0 0 0 0 0 0 0 0 0 0 0 0 0 0 0 0 0 0 0 0 0 0 0 0 0 0,-0.9,1.5,4.3,2.4,1.7,1.7,2.1,1.4,-3.3,-4.5,-3.2,5.2,-3.8,-4.6,-2.5,-6.7,2.1,0.5,3.4,-4.8,3.4,8.2,2.2,0.7,-5.9,9,12.8,10.3,16,12.2
48,17510258,1191851,CCC1=CC=CC=C1NC(=O)COC2=CC3=C(C=C2)OC(=CC3=O)C4=CC=C(C=C4)OC,Inactive,0,,,>,67.031,-4.174,,,,,,,,30,0 0 0 0 0 0 0 0 0 0 0 0 0 0 0 0 0 0 0 0 0 0 0 0 0 0 0 0 0 0,4.3,-2,-1.1,11.7,6.5,4.4,5.8,1.6,-3.4,7.6,2,7.9,11.1,5.5,10.7,4.1,11.5,7.6,14,22,11.2,35,38.7,33,34,34.5,32,21.2,23.5,24.4
49,49829315,4890916,C1CCC2=NC3=C(C=C2C1)C4=C(O3)C(=O)N(C=N4)CC(=O)NC5=CC(=CC=C5)Cl,Inactive,0,,,>,67.034,-4.174,,,,,,,,30,0 0 0 0 0 0 0 0 0 0 0 0 0 0 0 0 0 0 0 0 0 0 0 0 0 0 0 0 0 0,4,4.2,-4.2,4,2,-7.3,-2.2,-2.5,0.3,-3.6,4.9,3.8,6.6,-3.1,0.3,6.7,8.1,6.8,-0.6,-2.8,4.5,12.6,16.2,20.8,25.9,32.8,21.4,38.2,39.6,34.7
50,865685,666946,C1CC(OC1)CN2C(C3=C(C2=O)NN=C3C4=CC=CC=C4O)C5=CC(=CC=C5)Cl,Inactive,0,,,>,67.035,-4.174,,,,,,,,30,0 0 0 0 0 0 0 0 0 0 0 0 0 0 0 0 0 0 0 0 0 0 0 0 0 0 0 0 0 0,1.8,-0.2,2.8,-3.7,1.1,9.1,8.5,0.5,6.8,11.5,1.1,6.8,7.8,15.1,5.5,8.6,9.3,3.6,7.7,7.2,5.8,7.5,13.6,15.4,9.8,10.8,10.2,15.8,10.1,7.4
51,56323166,16294829,C1CN(CCN1C2=CC=C(C=C2)[N+](=O)[O-])C(=O)C3=C(C=CC(=C3)[N+](=O)[O-])N4CCOCC4,Inactive,0,,,>,67.035,-4.174,,,,,,,,30,0 0 0 0 0 0 0 0 0 0 0 0 0 0 0 0 0 0 0 0 0 0 0 0 0 0 0 0 0 0,2.4,-7.6,0.9,2.2,2.1,-0.2,0.7,0.5,0.6,4,0,2.5,6.5,1.6,9.4,2.3,2,5.3,-2.3,3.6,8.4,-2,6.2,3.7,0.2,-2.4,8.6,4.9,8.4,7.9
52,17410585,1169033,CC1=CC=C(C=C1)NC(=S)NC2=NC(=CS2)CC(=O)NC3=CC=CC=C3,Inactive,0,,,>,67.036,-4.174,,,,,,,,30,0 0 0 0 0 0 0 0 0 0 0 0 0 0 0 0 0 0 0 0 0 0 0 0 0 0 0 0 0 0,11,-7,-6,-2.4,-5.1,4.4,3,4.3,-4.8,0,-4.3,1.1,7.5,3.4,4.2,2.9,-1.6,5.3,-1.3,5.9,5.4,-7.5,1.9,2.6,8.1,0.6,6.5,24.9,30,24.3
53,49646603,919162,CCOC(=O)C1=C(N(C2=C1C=C(C3=CC=CC=C32)O)CC=C)C,Inactive,0,,,>,67.037,-4.174,,,,,,,,30,0 0 0 0 0 0 0 0 0 0 0 0 0 0 0 0 0 0 0 0 0 0 0 0 0 0 0 0 0 0,1.2,5.4,10.3,6.9,13,7.3,8.4,8.3,0.7,8.7,3.6,10.3,11.3,7.4,3.8,9.9,8.5,0.3,2.4,3,1.4,4.1,7,2.3,7,3.8,-1,3.1,13,2.7
54,49667190,4033284,CCOC1=CC2=C(C=C1)C=C(C(=N)O2)C(=O)NCC3=CC=CC=C3,Inactive,0,,,>,67.037,-4.174,,,,,,,,30,0 0 0 0 0 0 0 0 0 0 0 0 0 0 0 0 0 0 0 0 0 0 0 0 0 0 0 0 0 0,5.2,0.5,-0.3,9.5,2.2,3.2,-3.1,-1.3,2.9,2,8,0,2.7,0.4,-1.4,-3.7,-1.7,-10.4,1.1,4.5,0.6,-3.6,7.7,-3,7,2.5,-2.4,10.3,21.9,15.8
55,26724497,5308914,CC1=NC2=C(C(=NN2C(=C1)N3CCC(CC3)C(=O)N4CCCCC4)C)C5=CC(=C(C=C5)OC)OC,Inactive,0,,,>,67.037,-4.174,,,,,,,,30,0 0 0 0 0 0 0 0 0 0 0 0 0 0 0 0 0 0 0 0 0 0 0 0 0 0 0 0 0 0,1.9,1.5,1.7,6.6,0.3,7.7,5.2,10.6,7.8,6.1,-0.5,-0.2,-1.3,0.1,10.5,7.1,4.2,1.1,4.9,3.3,7.1,9,4.1,6.1,1.3,0.3,6.8,40.9,1.3,56.2
56,14724982,1466867,CC1=CC(=NO1)NC(=O)CSC2=NC(=NC3=C2C(=C(S3)C)C)C4CC4,Inactive,0,,,>,67.037,-4.174,,,,,,,,30,0 0 0 0 0 0 0 0 0 0 0 0 0 0 0 0 0 0 0 0 0 0 0 0 0 0 0 0 0 0,-3.9,-4.1,-2.5,9.7,1.3,-8.6,3.2,-8.2,-0.2,2,-2.7,-1.7,-2,-7.8,0.3,8.2,-5.4,1.1,-0.5,3,5.3,2.5,7.7,2.3,7.5,2.9,12.8,23.3,19.6,22.5
57,17386580,1234246,CC1=CC=C(C=C1)N2C(=C3C(=NNC(=S)C3=N2)C)C,Inactive,0,,,>,67.037,-4.174,,,,,,,,30,0 0 0 0 0 0 0 0 0 0 0 0 0 0 0 0 0 0 0 0 0 0 0 0 0 0 0 0 0 0,3.1,6.2,1.5,1,0.7,-1.9,2.3,1.7,-4,0.8,2.5,6.8,2.3,3.5,-3.6,-6.3,1.6,-1.5,-3.1,8.1,3.3,-0.1,4.3,8.6,21.1,27.3,20.5,18.3,24.1,23.4
58,14745237,4245778,CC(C)C(C(=O)N)N(CC1=CC=CO1)C(=O)C2=CC=CC=C2NC(=O)C3=CC=C(C=C3)OC,Inactive,0,,,>,67.038,-4.174,,,,,,,,30,0 0 0 0 0 0 0 0 0 0 0 0 0 0 0 0 0 0 0 0 0 0 0 0 0 0 0 0 0 0,-0.8,-5.4,-8.5,-6.7,0.1,-3.6,-4.6,-11.9,-0.9,-5.7,2,-1.9,1.7,-1.5,5.7,1.8,1.6,-1.4,0.3,12.2,4.6,6.6,3.2,4.2,12.6,18.6,9.7,30,24.9,27
59,4256541,1245900,CCSC1=NN=C(S1)NC(=O)C2=CC3=C(S2)CCCC3,Inactive,0,,,>,67.039,-4.174,,,,,,,,30,0 0 0 0 0 0 0 0 0 0 0 0 0 0 0 0 0 0 0 0 0 0 0 0 0 0 0 0 0 0,1.7,-2.1,-1.2,-4.3,-1.6,-6.9,-5.9,2.2,1.5,4.7,3.3,-3.2,-1.9,-5.8,-10.2,6.5,-14.6,1,13.8,-2.1,-4.3,4.8,11,11.8,27.9,27.9,26.7,43,45.2,44.7
60,57260337,16319467,CCN(C1=CC=C(C=C1)C(=O)CN2C(=O)C3(CCOC4=CC=CC=C43)NC2=O)S(=O)(=O)C,Inactive,0,,,>,67.039,-4.174,,,,,,,,30,0 0 0 0 0 0 0 0 0 0 0 0 0 0 0 0 0 0 0 0 0 0 0 0 0 0 0 0 0 0,1.4,-1.9,6.4,-1.3,7.7,-0.2,8.5,1.1,-7,1.8,-0.2,2.3,-6,-8.1,-11.4,1.8,1.8,3.4,3.8,-1.4,10.1,2,-7.1,-0.6,2.1,1.6,2.9,3.8,5.4,6.6
61,49823122,17581362,COC1=CC2=C(C=C1)N(C3=C2N=C4N(C3=O)CCS4)CC(=O)NC5=CC(=CC=C5)OC,Inactive,0,,,>,67.04,-4.174,,,,,,,,30,0 0 0 0 0 0 0 0 0 0 0 0 0 0 0 0 0 0 0 0 0 0 0 0 0 0 0 0 0 0,-5.9,-2.3,-0.9,0.8,8.5,-7.5,-5.2,-1.1,3.6,-8.7,0.6,4.8,-5.5,-1.3,-5,-8,-1.9,-1,3.6,13.1,6.9,22.7,22.9,24.3,32.7,37,37.4,45.4,48.2,47.3
62,24833775,3434681,CC1=C(NC(=C1C(=O)C)C)C(=O)NC2=CC(=CC=C2)S(=O)(=O)NC3=CC=CC=C3OC,Inactive,0,,,>,67.043,-4.174,,,,,,,,30,0 0 0 0 0 0 0 0 0 0 0 0 0 0 0 0 0 0 0 0 0 0 0 0 0 0 0 0 0 0,-7.4,-0.6,0.8,-0.5,-10.8,-1.2,-6.9,-5.5,2.8,-6.3,-2.3,0.5,3.3,0.4,-4,-2.3,-1.1,2.5,3.8,1.8,1.5,3.7,-3.7,-0.5,2,-2.5,-3.8,6.1,3.5,2.7
63,3711252,2997570,CC1=CC(=O)OC2=C1C=CC(=C2)NC(=O)C3COC4=CC=CC=C4O3,Inactive,0,,,>,67.043,-4.174,,,,,,,,30,0 0 0 0 0 0 0 0 0 0 0 0 0 0 0 0 0 0 0 0 0 0 0 0 0 0 0 0 0 0,-4.5,2.3,-0.1,4.4,-4.4,6.1,6,2.1,0.2,6.8,-1.8,2.8,1.3,1.8,-9.8,0.2,7.8,3,10.3,-3.5,-3.8,7.2,3.1,1.3,18.7,26.9,21.1,36.1,35.4,39
64,49669102,15990602,COCCNC(=O)C1=CNC2=C(C1=O)C=C(C=C2)S(=O)(=O)NC3=C(C=C(C=C3)F)F,Inactive,0,,,>,67.044,-4.174,,,,,,,,30,0 0 0 0 0 0 0 0 0 0 0 0 0 0 0 0 0 0 0 0 0 0 0 0 0 0 0 0 0 0,1.7,0.7,-1.2,7.4,-2.2,0.8,1.3,-2,-2.6,-2.9,7.4,-5.9,4.1,-4.8,1.6,10.5,-3.2,6.3,-7.1,0.2,-2.4,6,6,17.6,3.3,9.9,4.1,10.9,13.2,7.5
65,17407054,4302597,CC1=C(C(=NN1C)C2=NNC(=S)N2C3=CC=C(C=C3)F)Cl,Inactive,0,,,>,67.044,-4.174,,,,,,,,30,0 0 0 0 0 0 0 0 0 0 0 0 0 0 0 0 0 0 0 0 0 0 0 0 0 0 0 0 0 0,-1.8,-7.4,-1.4,1.5,0,-4.3,-3.6,-4,-1.2,1.6,5.4,2.8,-5,-0.6,-0.5,-3.9,6.9,0,9.2,-1.3,-4.9,-10.3,1.4,6.8,13.8,9.5,14.4,40.7,40.3,39.5
66,7972200,783279,CC1=CC=C(O1)C2=C(C(=S)NC3=C2CCCC3)C#N,Inactive,0,,,>,67.045,-4.174,,,,,,,,30,0 0 0 0 0 0 0 0 0 0 0 0 0 0 0 0 0 0 0 0 0 0 0 0 0 0 0 0 0 0,5.4,-3.9,-4.1,-19.6,0.8,2.8,-6.5,-5.3,1.2,-6.5,-3.6,2.5,-3.2,-1.8,0.1,-4,-9.4,2.6,-5.1,7.1,-0.2,5.3,11.2,-0.3,-0.4,2.1,8.2,3.2,5.2,10.2
67,49676907,16305810,CSC1=CC=C(C=C1)C(=O)NC2CCSC3=CC=CC=C23,Inactive,0,,,>,67.045,-4.174,,,,,,,,30,0 0 0 0 0 0 0 0 0 0 0 0 0 0 0 0 0 0 0 0 0 0 0 0 0 0 0 0 0 0,4.4,6.5,0.1,4.7,-5.1,-1.7,2.4,-0.8,1.2,-10.6,7,2.6,0.5,-6.4,-3.1,6.4,-3.5,-7.1,6.4,4.9,4.2,3.8,0.3,7.4,19,8.1,13.8,34.2,34.1,33.7
68,47199243,831507,C1CCC2=C(C1)C3=C(S2)NC(=S)N(C3=O)N,Inactive,0,,,>,67.046,-4.174,,,,,,,,30,0 0 0 0 0 0 0 0 0 0 0 0 0 0 0 0 0 0 0 0 0 0 0 0 0 0 0 0 0 0,8.5,4.2,2.4,4.9,-2.2,0.3,6.4,3.6,6.1,0.7,5.6,3.1,1.1,1,1.1,-3.7,6.3,6.4,-1.4,4.8,5.2,-5.2,-4.2,4.9,5.3,-2.8,6.6,14.2,22.7,17.4
69,134215792,136141390,CC1=C(C(NC(=NCC2=CC=C(C=C2)OC)N1CC3=CC=CC=C3C(F)(F)F)C4=CC(=CC=C4)C(F)(F)F)C(=O)OC,Inactive,0,,,>,67.046,-4.174,,,,,,,,30,0 0 0 0 0 0 0 0 0 0 0 0 0 0 0 0 0 0 0 0 0 0 0 0 0 0 0 0 0 0,5.5,-1,0.8,4.3,5.2,-0.4,-3.1,5,-2.3,3.8,-2.4,-2.6,-9,-11.6,0.1,-1.7,-2.9,-6.4,3.3,5.3,-1.3,9.2,1.8,-7.6,2.7,-0.2,-5.3,6.9,2.4,3.7
70,4249873,3243757,COC1=CC=C(C=C1)NC(=O)C2=C(C3=CC=CC=C3O2)NC(=O)C4CC4,Inactive,0,,,>,67.047,-4.174,,,,,,,,30,0 0 0 0 0 0 0 0 0 0 0 0 0 0 0 0 0 0 0 0 0 0 0 0 0 0 0 0 0 0,5.4,8.4,0.8,-1.3,2,4.2,0.8,5.6,2.7,2.7,5.5,-3.4,7,4.4,1.7,3.6,3.2,6.8,2.6,-2.8,3,12.5,4.8,4.6,24.3,29.6,25.3,42.4,42.9,40.2
71,4241822,3236746,CCOC1=CC(=C(C=C1)OCC)NC(=O)C2=C(C(=C(N2)C)C(=O)C)C,Inactive,0,,,>,67.047,-4.174,,,,,,,,30,0 0 0 0 0 0 0 0 0 0 0 0 0 0 0 0 0 0 0 0 0 0 0 0 0 0 0 0 0 0,5.4,-3,-1.3,4.7,-1,6.7,3.1,-9.1,-2.8,-5.2,-2.1,6.3,5.2,6.8,10.5,7.1,9.3,-0.3,16.2,18.5,14.2,32.9,32.5,36.1,43.3,44.4,47.3,45.1,47.3,48.1
72,22402140,2137373,CC1=C(C(=CC=C1)NC2=NC3=C(N=NN3C4=CC=CC=C42)S(=O)(=O)C5=CC=CC=C5)C,Inactive,0,,,>,67.047,-4.174,,,,,,,,30,0 0 0 0 0 0 0 0 0 0 0 0 0 0 0 0 0 0 0 0 0 0 0 0 0 0 0 0 0 0,6.8,6.5,-1.4,4.8,-1.7,2.5,3.3,-1.7,10.3,-3,-0.9,-0.8,8.2,-4.2,-2,10.4,7,7.1,18,22.3,23,36,32.9,35.5,41.7,40,38,44.2,46.3,43.1
73,17411505,1472976,C1COCCN1C2=CC=C(C=C2)C3=NC4=CC=CC=C4C=C3,Inactive,0,,,>,67.047,-4.174,,,,,,,,30,0 0 0 0 0 0 0 0 0 0 0 0 0 0 0 0 0 0 0 0 0 0 0 0 0 0 0 0 0 0,-1.3,4.1,-2.6,3.1,-3.2,2.9,-6,5.4,-0.5,5.1,0.2,7.6,1.4,9.2,2.2,1.5,-1,3.5,15.5,18.3,17.7,45.9,41.4,47.2,46.6,46.3,46.8,31.4,34.2,34.3
74,49715905,24789747,CCC1=CC=C(C=C1)NC2=N[N+](=C(S2)C3=CC=C(C=C3)N(CC)CC)C4=CC=CC=C4.[Cl-],Inactive,0,,,>,67.047,-4.174,,,,,,,,30,0 0 0 0 0 0 0 0 0 0 0 0 0 0 0 0 0 0 0 0 0 0 0 0 0 0 0 0 0 0,10.7,3.1,7.4,-6.7,-6.3,10.5,-2.5,4.2,3.7,-2.7,4,9.3,4.9,3.4,11,3.6,0.5,1.8,12.2,5.7,1.5,9.2,8.4,13,9.2,8.8,9.8,21.7,24.3,19.4
75,14733791,768882,CC(=O)C1=CC=C(C=C1)NS(=O)(=O)C2=C(C=CC(=C2)OC)OC,Inactive,0,,,>,67.047,-4.174,,,,,,,,30,0 0 0 0 0 0 0 0 0 0 0 0 0 0 0 0 0 0 0 0 0 0 0 0 0 0 0 0 0 0,4.8,3,7.2,7.2,1,1.7,2.7,4.1,8.3,2.4,6,-0.6,0.2,-2,4.7,4,2.3,2.4,5.7,8.1,-5.1,10.6,4,1.6,9,7.7,3.4,-0.9,2.3,3.8
76,24792681,2942998,CC(C)CNCC(=O)NC1=C(C2=C(S1)CCC2)C(=O)NC3=C(C=C(C=C3)OC)OC,Inactive,0,,,>,67.047,-4.174,,,,,,,,30,0 0 0 0 0 0 0 0 0 0 0 0 0 0 0 0 0 0 0 0 0 0 0 0 0 0 0 0 0 0,0.2,-2.5,2.6,5.8,-2.5,-10.3,1.8,-0.3,-4.6,-11.5,-5.5,4.3,-9.7,-2.2,-1.8,0.1,-3.4,-1.3,-4.1,1.5,2.6,9.9,20.8,7.2,18.8,24.1,26.6,36,41.8,37.5
77,14734971,5294544,CCN1C(=O)C2=C(NC1=S)N=C3CCCCC3=C2,Inactive,0,,,>,67.054,-4.174,,,,,,,,30,0 0 0 0 0 0 0 0 0 0 0 0 0 0 0 0 0 0 0 0 0 0 0 0 0 0 0 0 0 0,-0.4,8.1,-3,6.3,-3.6,-1.9,-1.4,-1,1.8,1.4,-1.3,4.1,-4.9,1.2,5.6,-3.7,-5.6,2.1,-0.2,-0.1,-3.5,6.8,-3.2,5.2,9,6.9,5.9,45.4,44.5,45.8
78,861602,662842,CCOC1=CC=CC(=C1)C2=NN3C(=NN=C3S2)C4=CC=CO4,Inactive,0,,,>,67.054,-4.174,,,,,,,,30,0 0 0 0 0 0 0 0 0 0 0 0 0 0 0 0 0 0 0 0 0 0 0 0 0 0 0 0 0 0,1.7,0.8,-5.5,4.2,4.1,0.9,-0.1,-2.5,-0.4,0.6,2.5,-4,3.8,3.2,7.6,-9.9,-2.8,-4.8,4.3,2.4,-4.8,-1.1,0.6,5.6,-2.5,-2.2,3.5,-1.7,-3.9,-5.7
79,49829283,8034406,CCCC1=CC(=O)OC2=C1C=CC(=C2)OCC(=O)NC3=CC=C(C=C3)S(=O)(=O)N,Inactive,0,,,>,67.054,-4.174,,,,,,,,30,0 0 0 0 0 0 0 0 0 0 0 0 0 0 0 0 0 0 0 0 0 0 0 0 0 0 0 0 0 0,3.2,5.9,3.6,-1.5,-4.8,-2,3.6,-4.7,3.7,3.3,-5.4,-2.7,1.8,2.5,6,-6.2,2.6,5.1,0.3,-0.9,9.1,8.7,-1.1,8.1,15.7,18.7,15.9,26.9,26.1,20.8
80,4243147,3237908,C1CCC2=NC3=C(C=CC(=C3)C(=O)NC4=C(C=C(C=C4)F)Cl)C(=O)N2CC1,Inactive,0,,,>,67.054,-4.174,,,,,,,,30,0 0 0 0 0 0 0 0 0 0 0 0 0 0 0 0 0 0 0 0 0 0 0 0 0 0 0 0 0 0,-1,-0.1,3.2,-1.7,1.7,3.7,4.3,4.2,-2.5,-4.4,-0.7,-0.6,-1.8,-0.1,0.8,4.3,-5.7,6.1,-2.1,-1,-0.9,1.4,8.7,12.6,27.3,23.8,25.6,36.7,36.4,35.8
81,17386649,851892,COC(=O)NC1=NC(=C(S1)C(=O)C2=CC=CC=C2)C3=CC=CC=C3,Inactive,0,,,>,67.054,-4.174,,,,,,,,30,0 0 0 0 0 0 0 0 0 0 0 0 0 0 0 0 0 0 0 0 0 0 0 0 0 0 0 0 0 0,0.7,2.2,1.5,1.3,6.2,2.6,5.9,-4.9,-7.6,0.1,0.1,0.7,1.3,7.5,1,5.6,8.9,-0.8,4.1,0.1,-6.7,2.5,4.7,2.9,28.8,27.7,35.1,46.1,44.9,46.4
82,26657644,2515869,CCC(=O)C1=CC=C(C=C1)OCC(=O)C2=CC3=C(C=C2)OCC(=O)N3,Inactive,0,,,>,67.054,-4.174,,,,,,,,30,0 0 0 0 0 0 0 0 0 0 0 0 0 0 0 0 0 0 0 0 0 0 0 0 0 0 0 0 0 0,1.5,4.8,9.8,-4.3,1.5,-3.8,-11,-6.4,4.9,-3.2,0.1,1.8,-0.8,-7.6,-1.4,-1.8,-5.1,5.5,2,4.1,-0.7,21.6,18.6,15.8,29.7,30.8,30.8,42.7,43.2,43.5
83,56317177,18273730,CC1=C(SC2=NC=NC(=C12)N3CCC(CC3)C(=O)NC4=CC=C(C=C4)C#N)C,Inactive,0,,,>,67.054,-4.174,,,,,,,,30,0 0 0 0 0 0 0 0 0 0 0 0 0 0 0 0 0 0 0 0 0 0 0 0 0 0 0 0 0 0,5,8.2,3,-1.7,-7,8.1,2.1,2,-3.2,4.2,6.1,-2.3,-0.7,-7.8,-2.1,-7.2,-12.4,3.5,6.1,0.9,3.9,13,22.8,18,22.8,26.7,25.5,29.7,35.1,33.1
84,17409247,3197528,CCCC1=NC2=C(C(=C(S2)C)C)C(=N1)SCC(=O)NC3=NN=C(S3)CC,Inactive,0,,,>,67.061,-4.174,,,,,,,,30,0 0 0 0 0 0 0 0 0 0 0 0 0 0 0 0 0 0 0 0 0 0 0 0 0 0 0 0 0 0,-6.2,5.7,7.2,0.3,-7.5,-6.2,-4.3,-1.7,-1.4,6,1.8,2.1,-3.2,0.9,0.7,2.1,7.1,0,-1.4,4.2,8.7,12.5,7,8.2,30,24,29.6,43.4,38.9,38.7
85,49679480,3733180,C1=CC=C(C(=C1)C2=NN=C(S2)NC(=O)C3=CC=CC=C3F)F,Inactive,0,,,>,67.061,-4.174,,,,,,,,30,0 0 0 0 0 0 0 0 0 0 0 0 0 0 0 0 0 0 0 0 0 0 0 0 0 0 0 0 0 0,6.5,-0.4,4.6,4.6,6.2,1.1,7.7,9.6,3.2,-3.8,-3.2,5.6,4.3,-1.7,4,-6,4.5,5.9,2.4,11.1,2.7,10.9,8.4,14,27.8,26.4,29,38.8,42.2,41.5
86,22401413,7120051,COC1=CC=C(C=C1)N2C(=O)C3=C(C4=CC=CC=C4O3)NC2=S,Inactive,0,,,>,67.061,-4.174,,,,,,,,30,0 0 0 0 0 0 0 0 0 0 0 0 0 0 0 0 0 0 0 0 0 0 0 0 0 0 0 0 0 0,1.7,-7.2,0,-1.5,4.1,-2.9,4.2,1.6,-4.7,9.7,-0.4,7,5.8,4.9,0.4,9.5,-1.1,8.8,1.6,4.5,-1.3,-5.1,-2.3,4.4,-1.7,5.5,-4.2,49.9,48.5,48.7
87,49644106,713572,CC1(CC2=CC=CC=C2C3=C1C(=O)NC(=S)N3)C,Inactive,0,,,>,67.068,-4.173,,,,,,,,30,0 0 0 0 0 0 0 0 0 0 0 0 0 0 0 0 0 0 0 0 0 0 0 0 0 0 0 0 0 0,5,5.6,1.7,3.3,11.2,2.7,7.9,7.5,9,8.1,6.7,5.2,3.6,1.2,-0.9,9.7,9,1.5,5.3,-1.8,17.4,12.4,6.4,8.5,9,8.8,10.7,38.8,37.7,44.4
88,17503740,3189855,CC1CCCCC1N(CC2=CC(=C(C(=C2)OC)OC)OC)S(=O)(=O)C3=CC=C(C=C3)S(=O)(=O)NC4CC4,Inactive,0,,,>,67.074,-4.173,,,,,,,,30,0 0 0 0 0 0 0 0 0 0 0 0 0 0 0 0 0 0 0 0 0 0 0 0 0 0 0 0 0 0,13.5,0.1,1.7,5.6,12.7,4.9,3.5,5.5,7,-0.2,2.3,9.5,8.2,1.9,0.8,0.8,9.5,1.1,5.2,4.8,8.1,8.3,5.9,16.5,-1.3,6.5,2.7,7.3,4.9,1.3
89,47202580,2904040,C1=CC=C(C=C1)C2=CC=C(C=C2)C(=O)NCCC3=CC=C(C=C3)S(=O)(=O)N,Inactive,0,,,>,67.074,-4.173,,,,,,,,30,0 0 0 0 0 0 0 0 0 0 0 0 0 0 0 0 0 0 0 0 0 0 0 0 0 0 0 0 0 0,3.4,1.2,-3.8,-2,-1.8,-1.8,4.7,1.5,0.2,0.2,-2.1,3.3,-5.6,9.4,-9.6,2.1,-1.4,-7.4,8,-0.1,-2.3,5.1,5,5.6,14.1,11.4,12.7,22.6,27.5,23.5
90,24806577,719137,CCN1C(=O)C2=C(C3=CC=CC=C3CC2(C)C)NC1=S,Inactive,0,,,>,67.074,-4.173,,,,,,,,30,0 0 0 0 0 0 0 0 0 0 0 0 0 0 0 0 0 0 0 0 0 0 0 0 0 0 0 0 0 0,-5.8,-1.8,-0.3,4.6,0.9,-2,-0.4,-0.5,0.2,0.8,-2.4,5.2,-2.3,0.4,1,-0.7,-5.2,3.1,1.2,2.7,3.8,-4.2,-14.2,7,16.5,16.1,6.7,45.5,43.5,43.6
91,17504409,814542,CC1=CC2=C(C=C1)NC3=C2NC=NC3=S,Inactive,0,,,>,67.101,-4.173,,,,,,,,30,0 0 0 0 0 0 0 0 0 0 0 0 0 0 0 0 0 0 0 0 0 0 0 0 0 0 0 0 0 0,4.2,5.7,-1.1,1.7,8.2,-2.8,4.8,0.2,6.9,13,6.4,-1.5,3,0.9,5.3,14.5,10.2,7.2,5.7,2.8,1,4.1,5.4,2.8,15.6,19.3,21.7,45.3,43,40.4
92,49680040,135408736,C1=CC=C(C=C1)N2C3=C(C=N2)C(=S)N=CN3,Inactive,0,,,>,67.108,-4.173,,,,,,,,30,0 0 0 0 0 0 0 0 0 0 0 0 0 0 0 0 0 0 0 0 0 0 0 0 0 0 0 0 0 0,0.4,3.1,-9.1,-0.8,-7.3,-3.3,1.8,3.2,-2.3,-2.2,-1.6,-7,6.9,-7.9,3.1,0.9,1.8,2.9,3.4,-0.2,0,0.5,-2.6,-0.9,7.9,3.5,1.5,30.5,24.5,27.1
93,49734820,5069161,C1OC2=C(O1)C=C3C(=C2)C(=O)N(C(=S)N3)CCCC(=O)NCC4=CC=CC=C4Cl,Inactive,0,,,>,67.121,-4.173,,,,,,,,30,0 0 0 0 0 0 0 0 0 0 0 0 0 0 0 0 0 0 0 0 0 0 0 0 0 0 0 0 0 0,2.4,4.6,-3.4,-3.6,10,-4.3,-9.4,-6,-5.6,1.4,-4.8,2.6,-2.2,4.8,-5.2,-0.9,-2.6,4.1,-6,-2.5,-5.5,-0.8,2.6,9.1,20.4,14.3,20.7,33.7,34,34.8
94,49648095,135527645,CCC1(CC2=CC=CC=C2C3=C1C(=O)NC(=N3)SC)C,Inactive,0,,,>,67.121,-4.173,,,,,,,,30,0 0 0 0 0 0 0 0 0 0 0 0 0 0 0 0 0 0 0 0 0 0 0 0 0 0 0 0 0 0,14.2,5.5,7.7,2.9,0.2,9,5.7,1.9,6.8,3.8,10,2.6,-2.3,4,5.3,8.7,13.8,7.1,0.3,-1.2,0.9,-1,10.7,5,10.9,6,4.9,7.1,10.5,13.6
95,92764840,386514,CN(C)CCNC(=O)C1=CC=C(C2=CC3=CC=CC=C3N=C12)OC.Cl,Inactive,0,,,>,67.141,-4.173,,,,,,,,30,0 0 0 0 0 0 0 0 0 0 0 0 0 0 0 0 0 0 0 0 0 0 0 0 0 0 0 0 0 0,5.6,-0.5,-5.7,0.6,10.3,6.9,9,4.8,0.4,6.1,-0.2,0.3,-4,4.8,-0.3,13,-6.4,-7.2,-8.5,-7.5,4.9,-6,-12.1,-11.9,-15.5,-21.1,-9.3,-24.4,-20.2,-30.2
