O=C1C=C(OC=2C=C(/C=C(/O)C1=2)O[C@@]3([H])O[C@@]([H])(CO)[C@@](O)([H])[C@](O)([H])[C@@]3(O)[H])C4=CC(O)=C(O)C=C4,Compound83
O=C1C[C@]([H])(OC=2/C=C(/O)C=C(O)C1=2)C3=CC(O)=C(O)C=C3,Compound84
O=C1C[C@@]([H])(OC3=C1C=CC(O[C@@]2([H])O[C@@]([H])(CO)[C@@](O)([H])[C@](O)([H])[C@@]2(O)[H])=C3O)C4=CC(O)=C(O)C=C4,Compound85
O=C(/C=C/C1=C/C(O)=C(O)C=C1)C=3C=CC(O[C@@]2([H])O[C@@]([H])(CO)[C@@](O)([H])[C@](O)([H])[C@@]2(O)[H])=C(O)C=3O,Compound86
O=C3C=2C=CC(O[C@@]1([H])O[C@@]([H])(CO)[C@@](O)([H])[C@@](O)([H])[C@@]1(O)[H])=C(O)C=2O[C@@]3([H])C4=CC(O)=C(O)C=C4,Compound87
O=C1C(O)=C(OC=2/C=C(/O)C=C(O)C1=2)C3=CC=CC=C3,Compound88
O=C1C=C(OC=2C=C(/C=C(/O)C1=2)O[C@@]3([H])O[C@@]([H])(CO)[C@@](O)([H])[C@](O)([H])[C@]3([H])O[C@]4([H])O[C@@](C)([H])[C@](O)([H])[C@@](O)([H])[C@@]4(O)[H])C5=C/C=C(/O)C=C5,Compound89
O=C3C(O[C@@]2([H])O[C@@]([H])(CO[C@@]1([H])O[C@@](C)([H])[C@](O)([H])[C@@](O)([H])[C@@]1(O)[H])[C@@](O)([H])[C@](O)([H])[C@@]2(O)[H])=C(OC=4/C=C(/O)C=C(O)C3=4)C5=CC(O)=C(O)C=C5,Compound90
O=C1C=C(OC=2C=C(/C=C(/O)C1=2)O[C@@]4([H])O[C@@]([H])(CO[C@@]3([H])O[C@@](C)([H])[C@](O)([H])[C@@](O)([H])[C@@]3(O)[H])[C@@](O)([H])[C@](O)([H])[C@@]4(O)[H])C5=CC(O)=C(C=C5)OC,Compound91
O=C1C=C(OC=2/C=C(/O)C=C(O)C1=2)C3=CC(O)=C(C=C3)OC,Compound92
O=C1C4=C(O/C=C1/C3=C/C(O[C@@]2([H])O[C@@]([H])(CO)[C@@](O)([H])[C@](O)([H])[C@@]2(O)[H])=C(O)C=C3)C=C(/C=C4/O)O[C@@]5([H])O[C@@]([H])(CO)[C@@](O)([H])[C@](O)([H])[C@@]5(O)[H],Compound93
O=C3C(O[C@@]2([H])O[C@@]([H])(CO[C@@]1([H])O[C@@](C)([H])[C@](O)([H])[C@@](O)([H])[C@@]1(O)[H])[C@@](O)([H])[C@](O)([H])[C@@]2(O)[H])=C(OC=4/C=C(/O)C=C(O)C3=4)C=5C=CC=CC=5O,Compound94
O=C2C=1C=CC(O)=CC=1O/C2=C/C3=C/C(O)=C(O)C=C3,Compound95
O=C1C[C@]([H])(OC=2/C=C(/O)C=C(O)C1=2)C3=CC=C(C=C3)OC,Compound96
O=C1C[C@]([H])(OC=2/C=C(/O)C=C(O)C1=2)C3=CC(OC)=C(O)C=C3,Compound97
O=C3OC=2C=C1OC=C/C1=C(\OC)C=2C=C3,Compound174
O=C3OC=2C=C1OC=CC1=CC=2C=C3,Compound175
O=C2OC=1C=CC=CC=1/C=C2/O,Compound176
O=C2OC=1C=CC=CC=1C=C2,Compound177
O=C2OC=1C=CC=CC=1C(O)=C2CC=4C(=O)OC=3C=CC=CC=3C=4O,Compound178
O=C3OC=2/C=C(/OC/C1=C/C=CC=C1)C(=CC=2C=C3)OC/C4=C/C=CC=C4,Compound179
O=C3O/C2=C(\OC/C=C(\C)C)C=1OC=CC=1C=C2C=C3,Compound180
O=C2OC=1/C=C(/OC)C(O)=CC=1C=C2,Compound181
O=C2OC=1/C=C(/C)C=CC=1C=C2,Compound182
O=C2OC=1C=C(C=CC=1C(C)=C2)OCC,Compound183
O=C2OC=1C=CC(O)=CC=1C=C2,Compound184
O=C3O/C2=C(\OC)C=1OC=CC=1C=C2C=C3,Compound185
O=C2OC=1C=CC(C)=CC=1C=C2,Compound186
O=C2O/C1=C(\O)C(O)=C(C=C1C=C2)OC,Compound187
O=C3O/C2=C(\O)C=1OC=CC=1C=C2C=C3,Compound188
O=C3OC=1/C=C(/O)C=CC=1C=4OC=2/C=C(/O)C=CC=2C3=4,Compound189
O=C3O/C2=C(\OC)C=1OC=CC=1C(OC)=C2C=C3,Compound190
O=C1OC2=C(C=C1)C(OC)=CC=3OC=CC2=3,Compound191
O=C2OC=1/C=C(/N)C=CC=1C(C)=C2,Compound193
O=C3OC=2C=C1OC=C/C1=C(\OC/C=C(\C)CC/C=C(\C)C)C=2C=C3,Compound194
O=C2OC=1/C=C(/OC)C(=CC=1C=C2)OC,Compound195
O=C3OC=2C=C1OC=C/C1=C(\OC)C=2C=C3,Compound196
O=C3OC=2C=C1OC=CC1=CC=2C=C3,Compound197
O=C2OC=1C=C(/C=C(/OC/C=C(\C)CC/C=C(\C)C)C=1C=C2)OC,Compound198
O=C2O/C1=C(\OC)C(OC)=C(C=C1C=C2)OC,Compound199
O=C2OC=1C=CC(C)=CC=1C(O)=C2,Compound200
O=C2OC=1C=CC=CC=1C(=C2)OC,Compound201
O=C3OC2=C(C=C1/C=C(/C)O/C1=C2\C)C(C)=C3,Compound202
O=C2OC=1C=C(/C=C(/OC)C=1C=C2)OC,Compound203
O=C2OC1=C(C(OC)=C(C=C1C=C2)OC)C(=O)C,Compound204
O=C2OC1=C(C(O)=CC=C1C=C2)C(=O)C,Compound205
O=C2OC1=C(C(OC)=C(O)C=C1C=C2)C(=O)C,Compound206
O=C2OC1=C(C(OC)=CC=C1C=C2)C(=O)C,Compound207
O=C2OC=1/C=C(/OC)C(=CC=1C=C2)OC,Compound208
O=C3O/C2=C(\O[C@@]1([H])O[C@@]([H])(CO)[C@@](O)([H])[C@](O)([H])[C@@]1(O)[H])C(O)=C(C=C2C=C3)OC,Compound209
O=C2OC=1C=C(C=CC=1C(C)=C2)OC,Compound210
O=C3OC=2C=C1OC=C/C1=C(\O)C=2C=C3,Compound211
O=C2OC=1C=CC=CC=1/C=C2/NC(=O)C,Compound212
O=C2OC=1/C=C(/OC)C(=CC=1C(C)=C2)OC,Compound213
NC/C1=N/C=CN=C1,Compound304
O=C3C(O[C@@]2([H])O[C@@]([H])(COC(=O)C=C/C1=C/C=C(/O)C=C1)[C@@](O)([H])[C@](O)([H])[C@@]2(O)[H])=C(OC=4/C=C(/O)C=C(O)C3=4)C5=C/C=C(/O)C=C5,Compound330
O=C1C=C(OC=2C=C(/C=C(/O)C1=2)O[C@@]3([H])O[C@@]([H])(CO)[C@@](O)([H])[C@](O)([H])[C@]3([H])O[C@@]4([H])OC[C@@](O)(CO)[C@]4(O)[H])C5=C/C=C(/O)C=C5,Compound331
O=C1C=C(OC=2C=C(/C=C(/O)C1=2)O[C@@]3([H])O[C@@]([H])(CO)[C@@](O)([H])[C@](O)([H])[C@@]3(O)[H])C4=C/C=C(/O)C=C4,Compound332
O=C1C=C(OC2=C1C(O)=CC(O)=C2[C@@]3([H])O[C@@]([H])(CO)[C@@](O)([H])[C@](O)([H])[C@]3([H])O[C@@]4([H])O[C@](C)([H])[C@@](O)([H])[C@](O)([H])[C@]4(O)[H])C5=C/C=C(/O)C=C5,Compound333
O=C1C=C(OC=2C=C(/C=C(/OC)C1=2)OC)C3=CC=CC=C3,Compound334
O=C4C=C(OC5=CC(O)=C(O/C1=C/C=C(C=C1)C=3OC=2/C=C(/O)C=C(O)C=2C(=O)C=3)C(O)=C45)C6=C/C=C(/O)C=C6,Compound335
O=C1C=C(OC2=C1C(O)=CC(O)=C2C=3C=C(C=CC=3OC)C=5OC=4C=C(/C=C(/O)C=4C(=O)C=5)OC)C6=CC=C(C=C6)OC,Compound336
O=C2C(O[C@@]1([H])O[C@@]([H])(CO)[C@](O)([H])[C@](O)([H])[C@@]1(O)[H])=C(OC=3/C=C(/O)C=C(O)C2=3)C4=CC(O)=C(O)C=C4,Compound337
O=C1C(O)=C(OC=2/C=C(/O)C=C(O)C1=2)C3=CC(O)=C(O)C(O)=C3,Compound338
O=C1C(O)=C(OC2=CC(O)=C(O)C(O)=C12)C3=CC(O)=C(O)C=C3,Compound339
O=C3C(O[C@@]2([H])O[C@@]([H])(OC[C@@]1([H])O[C@@](C)([H])[C@](O)([H])[C@@](O)([H])[C@@]1(O)[H])[C@@](O)([H])[C@](O)([H])[C@@]2(O)[H])=C(OC=4C=C(/C=C(/O)C3=4)O[C@@]5([H])O[C@@](C)([H])[C@](O)([H])[C@@](O)([H])[C@@]5(O)[H])C6=C/C=C(/O)C=C6,Compound340
O=C3C=1C=CC(O)=CC=1O[C@@]([H])(C2=CC(O)=C(O)C(O)=C2)[C@@]3(O)[H],Compound341
O=C1C[C@]([H])(OC=2/C=C(/O)C=C(O)C1=2)C3=CC(OC)=C(OC)C(=C3)OC,Compound342
O=C4C5=C(O[C@]([H])(C3=CC=2O[C@]([H])(C1=CC(OC)=C(O)C=C1)[C@]([H])(OC=2C=C3)CO)[C@]4(O)[H])C=C(O)C=C5O,Compound343
O=C(/C=C/C1=C/C=CC=C1)C2=CC=CC=C2,Compound344
O=C(/C=C/C1=C/C=C(/O)C=C1)C2=C(OC)C=C(/C=C2/O)OC,Compound345
O=C(/C=C/C1=C/C=C(C=C1)OC)C2=C(OC)C=C(/C=C2/O)OC,Compound346
O=C(CC/C1=C/C=C(/O)C=C1)C2=C(O)C=C(O)C=C2O,Compound347
O=C(CC/C1=C/C=C(/O)C=C1)C3=C(O[C@@]2([H])O[C@@]([H])(CO)[C@@](O)([H])[C@](O)([H])[C@@]2(O)[H])C=C(O)C=C3O,Compound348
O=C1C3=C(O/C=C1/C2=C/C=C(/O)C=C2)C=C(/C=C3/O)O[C@@]4([H])O[C@@]([H])(CO)[C@@](O)([H])[C@](O)([H])[C@@]4(O)[H],Compound349
O=C3C(O[C@@]2([H])O[C@@]([H])(CO[C@@]1([H])O[C@@](C)([H])[C@](O)([H])[C@@](O)([H])[C@@]1(O)[H])[C@@](O)([H])[C@](O)([H])[C@@]2(O)[H])=C(OC=4/C=C(/O)C=C(O)C3=4)C5=C/C=C(/O)C=C5,Compound350
O=C1C=C(OC2=C1C(O)=CC(O)=C2[C@@]3([H])O[C@@]([H])(CO)[C@@](O)([H])[C@](O)([H])[C@@]3(O)[H])C4=CC(O)=C(O)C=C4,Compound351
O=C1C=C(OC2=CC(O)=C(C(O)=C12)[C@@]3([H])O[C@@]([H])(CO)[C@@](O)([H])[C@](O)([H])[C@@]3(O)[H])C4=CC(O)=C(O)C=C4,Compound352
O=C1C=C(OC2=C1C(O)=CC(O)=C2C=3C=C(C=CC=3O)C=5OC=4/C=C(/O)C=C(O)C=4C(=O)C=5)C6=C/C=C(/O)C=C6,Compound353
O=C1C(O)=C(OC=2C=C(/C=C(/O)C1=2)O[C@@]3([H])O[C@@]([H])(CO)[C@@](O)([H])[C@](O)([H])[C@]3([H])O[C@]4([H])O[C@@](C)([H])[C@](O)([H])[C@@](O)([H])[C@]4(O)[H])C5=CC(O)=CC=C5,Compound354
O=C1C(OC)=C(OC=2C=C(/C=C(/O)C1=2)OC)C3=CC=C(C=C3)OC,Compound355
O=C1C(OC)=C(OC=2C=C(/C=C(/O)C1=2)OC)C3=CC(OC)=C(C=C3)OC,Compound356
O=C(/C=C/C1=C/C=C(C=C1)OC)C2=C(O)C=C(/C=C2/O)OC,Compound357
O=C(CC/C1=C/C=C(C=C1)OC)C2=C(O)C=C(/C=C2/O)OC,Compound358
O=C1C=C(OC=2/C=C(/O)C=C(O)C1=2)C3=CC(O)=C(C=C3)O[C@@]4([H])O[C@@]([H])(CO)[C@@](O)([H])[C@@](O)([H])[C@@]4(O)[H],Compound359
O=C1C=C(OC2=CC(O)=C(OC)C(O)=C12)C3=CC(O)=C(O)C=C3,Compound360
O=C1C[C@]([H])(OC=2C=C(/C=C(/O)C1=2)OC)C3=CC=CC=C3,Compound361
O=C1C(=COC=2C=C(C=CC1=2)O[C@@]3([H])O[C@@]([H])(CO)[C@@](O)([H])[C@](O)([H])[C@@]3(O)[H])C4=C/C=C(/O)C=C4,Compound362
O=C2C(O[C@@]1([H])O[C@@]([H])(COC(=O)C)[C@@](O)([H])[C@](O)([H])[C@@]1(O)[H])=C(OC=3/C=C(/O)C=C(O)C2=3)C4=CC(O)=C(O)C=C4,Compound363
O=C1C=C(OC=2/C=C(/O)C=C(O)C1=2)C3=CC=C(C=C3)OC,Compound364
O=C1C=C(OC=2/C=C(/O)C=C(O)C1=2)C3=C/C=C(/O)C=C3,Compound365
O=C(/C=C/C1=C/C(O)=C(O)C=C1)C=2C=CC(O)=CC=2O,Compound366
O=C1C=C(OC=2/C=C(/O)C=C(O)C1=2)C3=CC(OC)=C(O)C=C3,Compound367
O=C1C=C(OC=2/C=C(/O)C=C(O)C1=2)C3=CC(OC)=C(OC)C(=C3)OC,Compound368
O=C1C=C(OC=2/C=C(/O)C=C(O)C1=2)C3=CC(O)=C(C=C3)OC,Compound369
O=C1C=C(OC=2C=C(/C=C(/O)C1=2)O[C@@]4([H])O[C@@]([H])(CO[C@@]3([H])O[C@@](C)([H])[C@](O)([H])[C@@](O)([H])[C@@]3(O)[H])[C@@](O)([H])[C@](O)([H])[C@@]4(O)[H])C5=CC(O)=C(C=C5)OC,Compound370
O=C1C[C@]([H])(OC=2C=C(/C=C(/O)C1=2)O[C@@]4([H])O[C@@]([H])(CO[C@@]3([H])O[C@@](C)([H])[C@](O)([H])[C@@](O)([H])[C@@]3(O)[H])[C@@](O)([H])[C@](O)([H])[C@@]4(O)[H])C5=CC(O)=C(O)C=C5,Compound371
O=C1C[C@]([H])(OC=2/C=C(/O)C=C(O)C1=2)C3=CC(O)=C(O)C=C3,Compound372
O=C1C[C@@]([H])(OC=2C=C(/C=C(/O)C1=2)O[C@@]3([H])O[C@@]([H])(CO)[C@@](O)([H])[C@](O)([H])[C@@]3(O)[H])C4=CC(O)=C(O)C=C4,Compound373
O=C1C(O)=C(OC=2/C=C(/O)C=C(O)C1=2)C3=CC=CC=C3,Compound374
O=C1C[C@]([H])(OC=2/C=C(/O)C=C(O)C1=2)C3=CC(O)=C(C=C3)OC,Compound375
O=C1C[C@]([H])(OC=2C=C(/C=C(/O)C1=2)O[C@@]4([H])O[C@@]([H])(CO[C@@]3([H])O[C@@](C)([H])[C@](O)([H])[C@@](O)([H])[C@@]3(O)[H])[C@@](O)([H])[C@](O)([H])[C@@]4(O)[H])C5=CC(O)=C(C=C5)OC,Compound376
O=C(/C=C/C1=C/C(OC)=C(O)C=C1)C=2C=CC(O)=CC=2O,Compound377
O=C1C[C@]([H])(OC=2/C=C(/O)C=C(O)C1=2)C3=CC(OC)=C(O)C=C3,Compound378
O=C1C(O)=C(OC=2/C=C(/O)C=C(O)C1=2)C3=CC(OC)=C(O)C=C3,Compound379
O=C1C=C(OC=2C=C(/C=C(/O)C1=2)O[C@@]4([H])O[C@@]([H])(CO[C@@]3([H])O[C@@](C)([H])[C@](O)([H])[C@@](O)([H])[C@@]3(O)[H])[C@@](O)([H])[C@@](O)([H])[C@@]4(O)[H])C5=C/C=C(/O)C=C5,Compound380
O=C1C[C@]([H])(OC=2/C=C(/O)C=C(O)C1=2)C3=CC=C(C=C3)OC,Compound381
O=C1C(O)=C(OC=2/C=C(/O)C=C(O)C1=2)C3=C/C=C(/O)C=C3,Compound382
O=C1C(O)=C(OC=2/C=C(/O)C=C(O)C1=2)C3=C/C=C(/O)C=C3,Compound383
O=C1C=C(OC=2/C=C(/O)C=C(O)C1=2)C3=CC(O)=C(O)C=C3,Compound384
O=C1C=C(OC=2C=C(/C=C(/O)C1=2)O[C@@]3([H])O[C@@]([H])(CO)[C@@](O)([H])[C@](O)([H])[C@@]3(O)[H])C4=CC(O)=C(O)C=C4,Compound385
O=C1C(O)=C(OC=2/C=C(/O)C=C(O)C1=2)C3=CC(O)=C(O)C(O)=C3,Compound386
O=C1C[C@]([H])(OC=2/C=C(/O)C=C(O)C1=2)C3=C/C=C(/O)C=C3,Compound387
O=C1C[C@@]([H])(OC=2C=C(/C=C(/O)C1=2)O[C@@]3([H])O[C@@]([H])(CO)[C@@](O)([H])[C@](O)([H])[C@]3([H])O[C@]4([H])O[C@@](C)([H])[C@](O)([H])[C@@](O)([H])[C@@]4(O)[H])C5=C/C=C(/O)C=C5,Compound388
O=C1C[C@@]([H])(OC=2C=C(/C=C(/O)C1=2)O[C@@]4([H])O[C@@]([H])(CO[C@@]3([H])O[C@@](C)([H])[C@](O)([H])[C@@](O)([H])[C@@]3(O)[H])[C@@](O)([H])[C@](O)([H])[C@@]4(O)[H])C5=C/C=C(/O)C=C5,Compound389
O=C1C[C@@]([H])(OC=2C=C(/C=C(/O)C1=2)O[C@@]3([H])O[C@@]([H])(CO)[C@@](O)([H])[C@@](O)([H])[C@]3([H])O[C@@]4([H])O[C@@](C)([H])[C@](O)([H])[C@](O)([H])[C@@]4(O)[H])C5=CC(O)=C(O)C=C5,Compound390
O=C1C[C@@]([H])(OC=2C=C(/C=C(/O)C1=2)O[C@@]3([H])O[C@@]([H])(CO)[C@@](O)([H])[C@](O)([H])[C@]3([H])O[C@]4([H])O[C@@](C)([H])[C@](O)([H])[C@@](O)([H])[C@@]4(O)[H])C5=CC(O)=C(C=C5)OC,Compound391
O=C1C[C@@]([H])(OC=2C=C(/C=C(/O)C1=2)O[C@@]3([H])O[C@@]([H])(CO)[C@@](O)([H])[C@](O)([H])[C@]3([H])O[C@]4([H])O[C@@](C)([H])[C@](O)([H])[C@@](O)([H])[C@@]4(O)[H])C5=CC=C(C=C5)OC,Compound392
O=C1C=C(OC=2/C=C(/O)C=CC1=2)C3=CC=C(C=C3)OC,Compound393
O=C1C(O)=C(OC=2/C=C(/O)C=C(O)C1=2)C3=CC(O)=C(O)C=C3,Compound394
O=C1C(O)=C(OC=2C=C(/C=C(/O)C1=2)OC)C3=CC(O)=C(O)C=C3,Compound395
O=C1C=C(OC=2C=C(/C=C(/O)C1=2)O[C@@]3([H])O[C@@]([H])(CO)[C@@](O)([H])[C@](O)([H])[C@]3([H])O[C@]4([H])O[C@@](C)([H])[C@](O)([H])[C@@](O)([H])[C@@]4(O)[H])C5=C/C=C(/O)C=C5,Compound396
O=C1C(O)=C(OC=2/C=C(/O)C=CC1=2)C3=CC(O)=C(O)C(O)=C3,Compound397
O=C3C(O[C@@]2([H])O[C@@]([H])(CO[C@@]1([H])O[C@@](C)([H])[C@](O)([H])[C@@](O)([H])[C@@]1(O)[H])[C@@](O)([H])[C@](O)([H])[C@@]2(O)[H])=C(OC=4/C=C(/O)C=C(O)C3=4)C5=CC(O)=C(O)C=C5,Compound398
O=C1C(O)=C(OC=2/C=C(/O)C=C(O)C1=2)C3=CC(O)=C(C=C3)OC,Compound399
O=C1C(O)=C(OC=2/C=C(/O)C=C(O)C1=2)C=3C=CC=CC=3O,Compound400
O=C2C(O[C@@]1([H])O[C@]([H])([C@@](O)([H])[C@](O)([H])[C@@]1(O)[H])[C@](O)([H])[C@](O)([H])[C@](O)([H])CO)=C(OC=3/C=C(/O)C=C(O)C2=3)C4=CC(O)=C(O)C=C4,Compound401
O=C1C[C@]([H])(OC=2/C=C(/O)C=CC1=2)C3=C/C=C(/O)C=C3,Compound402
O=C1C[C@@]([H])(OC=2C=C(/C=C(/O)C1=2)O[C@]3([H])O[C@]([H])(CO)[C@](O)([H])[C@@](O)([H])[C@]3(O)[H])C4=C/C=C(/O)C=C4,Compound403
O=C1C[C@]([H])(OC=2/C=C(/O)C=C(O)C1=2)C3=CC=CC=C3,Compound404
O=C1C=C(OC2=CC(O)=C(O)C(O)=C12)C3=C/C=C(/O)C=C3,Compound405
O=C1C[C@@]([H])(OC=2C=C(/C=C(/O)C1=2)O[C@@]4([H])O[C@@]([H])(CO[C@@]3([H])O[C@@](C)([H])[C@](O)([H])[C@@](O)([H])[C@@]3(O)[H])[C@@](O)([H])[C@](O)([H])[C@@]4(O)[H])C5=CC=C(C=C5)OC,Compound406
O=C1C(O)=C(OC=2/C=C(/O)C=CC1=2)C3=CC(O)=C(O)C=C3,Compound407
O=C1C(O)=C(OC=2/C=C(/O)C=CC1=2)C3=CC(OC)=C(O)C=C3,Compound408
O=C1C=C(OC=2C=C(/C=C(/O)C1=2)O[C@@]4([H])O[C@@]([H])(CO[C@@]3([H])O[C@@](C)([H])[C@](O)([H])[C@@](O)([H])[C@@]3(O)[H])[C@@](O)([H])[C@](O)([H])[C@@]4(O)[H])C5=CC=C(C=C5)OC,Compound409
O=C1C(OC)=C(OC=2C=CC=CC1=2)C3=CC=CC=C3,Compound410
O=C1C(O)=C(OC=2/C=C(/O)C=C(O)C1=2)C3=CC(O)=C(C=C3)O[C@@]4([H])O[C@@]([H])(CO)[C@@](O)([H])[C@](O)([H])[C@@]4(O)[H],Compound411
O=C(C)N(/N=C1\C[C@]([H])(OC=2C=CC=CC1=2)C3=CC=CC=C3)C(=O)C,Compound412
O=C(/C=C/C1=C/C=C(C=C1)OC)C2=CC=CC=C2,Compound413
O=C(/C=C/C1=C/C=CC=C1)C2=CC=C(C=C2)OC,Compound414
O=C1C=C(OC2=C1C(O)=CC(O)=C2O)C3=CC=CC=C3,Compound415
O=C2C(O[C@@]1([H])O[C@@]([H])(CO)[C@@](O)([H])[C@@](O)([H])[C@@]1(O)[H])=C(OC=3/C=C(/O)C=C(O)C2=3)C4=CC(OC)=C(O)C=C4,Compound416
O=C(CC/C1=C/C(O)=C(C=C1)OC)C2=C(O)C=C(/C=C2/O)O[C@@]3([H])O[C@@]([H])(CO)[C@@](O)([H])[C@](O)([H])[C@]3([H])O[C@]4([H])O[C@@](C)([H])[C@](O)([H])[C@@](O)([H])[C@@]4(O)[H],Compound417
O=C1C=C(OC2=C1C(O)=CC(O)=C2[C@@]3([H])O[C@@]([H])(CO)[C@](O)([H])[C@](O)([H])[C@@]3(O)[H])C4=C/C=C(/O)C=C4,Compound418
O=C1C(=COC2=C1C=CC(O)=C2[C@@]3([H])O[C@@]([H])(CO)[C@@](O)([H])[C@@](O)([H])[C@@]3(O)[H])C4=C/C=C(/O)C=C4,Compound419
O=C1C=C(OC2=CC(O)=C(C(O)=C12)[C@@]3([H])O[C@@]([H])(CO)[C@@](O)([H])[C@](O)([H])[C@@]3(O)[H])C4=C/C=C(/O)C=C4,Compound420
O=C2C(O[C@@]1([H])O[C@@](C)([H])[C@](O)([H])[C@@](O)([H])[C@@]1(O)[H])=C(OC=3/C=C(/O)C=C(O)C2=3)C4=CC(O)=C(O)C=C4,Compound421
O=C1C[C@]([H])(OC=2/C=C(/OC)C(=CC1=2)C/C=C(\C)C)C3=C/C=C(/O)C=C3,Compound422
O=C2C=C(OC3=CC(O[C@@]1([H])O[C@@]([H])(CO)[C@@](O)([H])[C@](O)([H])[C@@]1(O)[H])=C(C(O)=C23)[C@@]4([H])O[C@@]([H])(CO)[C@@](O)([H])[C@](O)([H])[C@@]4(O)[H])C5=C/C=C(/O)C=C5,Compound423
O=C1C(O)=C(OC=2/C=C(/O)C=C(O)C1=2)C3=CC(OC)=C(O)C(=C3)OC,Compound424
O=C1C(=COC2=C1C=CC(O)=C2O[C@@]3([H])O[C@@]([H])(CO)[C@@](O)([H])[C@](O)([H])[C@@]3(O)[H])C4=C/C=C(/O)C=C4,Compound425
O=C2C(O[C@@]1([H])O[C@@]([H])(CO)[C@@](O)([H])[C@](O)([H])[C@@]1(O)[H])=C(OC=3/C=C(/O)C=C(O)C2=3)C4=C/C=C(/O)C=C4,Compound426
O=C1C3=C(O/C=C1/C2=C/C=C(C=C2)OC)C=C(/C=C3/O)O[C@@]4([H])O[C@@]([H])(CO)[C@@](O)([H])[C@@](O)([H])[C@@]4(O)[H],Compound427
O=C2C(O[C@@]1([H])O[C@@]([H])(CO)[C@](O)([H])[C@](O)([H])[C@@]1(O)[H])=C(OC=3/C=C(/O)C=C(O)C2=3)C4=CC(OC)=C(O)C(=C4)OC,Compound428
O=C2C(O[C@@]1([H])O[C@]([H])(CO)[C@](O)([H])[C@@](O)([H])[C@@]1(O)[H])=C(OC=3/C=C(/O)C=C(O)C2=3)C4=CC(OC)=C(O)C(=C4)OC,Compound429
O=C1C[C@]([H])(OC=2C=C(/C=C(/O)C1=2)OC)C3=C/C=C(/O)C=C3,Compound430
O=C1C(=COC=2/C=C(/O)C=CC1=2)C3=CC=C(C=C3)OC,Compound431
O=C1C=C(OC=2C=C(/C=C(/O)C1=2)O[C@@]3([H])O[C@@]([H])(CO)[C@@](O)([H])[C@@](O)([H])[C@]3([H])O[C@@]4([H])O[C@@](C)([H])[C@](O)([H])[C@](O)([H])[C@@]4(O)[H])C5=CC(O)=C(C=C5)OC,Compound432
O=C1C(OC)=C(OC2=C1C(O)=CC(OC)=C2O)C3=CC(OC)=C(C=C3)OC,Compound433
O=C(/C=C/C=1C=CC(=CC=1OC)OC)C=2C=CC=CC=2O,Compound434
O=C(/C=C/C1=C/C=CC=C1)C2=C(OC)C=C(/C=C2/O)OC,Compound435
O/C2=C/C=1OC[C@]([H])(CC=1C=C2)C3=C/C=C(/O)C=C3,Compound436
O=C(/C=C/C=1C=CC=CC=1O)C2=CC=CC=C2,Compound437
O=C(/C=C/C1=C/C=C(/O)C=C1)C2=CC=CC=C2,Compound438
O=C(/C=C/C1=C/C=CC=C1)C2=C/C=C(/O)C=C2,Compound439
O=C(/C=C/C1=C/C=C(C=C1)C(C)(C)[H])C2=C/C=C(/C)C=C2,Compound440
O=C1C=C(OC2=CC(OC)=C(OC)C(OC)=C12)C3=CC=C(C=C3)OC,Compound441
O=C2C=C(OC3=CC(O[C@@]1([H])O[C@@]([H])(C(=O)O)[C@@](O)([H])[C@](O)([H])[C@@]1(O)[H])=C(O)C(O)=C23)C4=CC=CC=C4,Compound442
O=C1C=C(OC2=C1C(O)=CC(O)=C2/C4=C3\OC(=CC(=O)C3=C(O)C=C4O)C5=C/C=C(/O)C=C5)C6=C/C=C(/O)C=C6,Compound443
O=C(/C=C/C1=C/C(O)=C(O)C=C1)C2=C(O)C=C(O)C=C2O,Compound444
O=C1C[C@]([H])(OC=2/C=C(/O)C=C(O)C1=2)C3=CC(OC)=C(O)C=C3,Compound445
O=C1C(OC)=C(OC=2C=C(/C=C(/OC)C1=2)OC)C3=CC(OC)=C(C=C3)OC,Compound446
O=C(/C=C/C1=C/C(OC)=C(C=C1)OC)C2=CC=CC=C2,Compound447
O=C(/C=C/C1=C/C=C(C=C1)OC)C2=CC=C(C=C2)OC,Compound448
O=C1C3=C(O/C=C1/C2=C/C=C(C=C2)OC)C=C(/C=C3/O)OC,Compound449
O=C1C(=COC=2C=C(C=CC1=2)OC)C3=CC=C(C=C3)OC,Compound450
O=C1C=C(OC2=C1C(O)=CC(O)=C2OC)C3=CC=CC=C3,Compound451
OC[C@]1([H])NCCCC1,Compound454
O=C1C(=COC=2/C=C(/O)C=CC1=2)C3=CC(O)=C(O)C=C3,Compound455
O=C1C3=C(O/C=C1/C2=C/C=C(/O)C=C2)C=C(/C=C3/O)O[C@@]4([H])O[C@@]([H])(CO)[C@@](O)([H])[C@](O)([H])[C@@]4(O)[H],Compound456
O=C1C=C(OC2=CC(OC)=C(OC)C(OC)=C12)C3=CC(OC)=C(C=C3)OC,Compound457
O=C2C(O[C@]1([H])O[C@]([H])(CO)[C@](O)([H])[C@@](O)([H])[C@]1(O)[H])=C(OC=3/C=C(/O)C=C(O)C2=3)C4=CC(O)=C(O)C=C4,Compound458
O=C1C(=COC=2C=C(C=CC1=2)OC(C)(C)[H])C3=CC=CC=C3,Compound459
COC1([H])CCNCC1,Compound460
O=C3C(O[C@@]2([H])O[C@@]([H])(CO[C@@]1([H])O[C@@](C)([H])[C@](O)([H])[C@@](O)([H])[C@@]1(O)[H])[C@@](O)([H])[C@](O)([H])[C@@]2(O)[H])=C(OC=4/C=C(/O)C=C(O)C3=4)C5=CC(OC)=C(O)C=C5,Compound461
O=C1C=C(OC2=CC(O)=C(O)C(O)=C12)C3=C/C=C(/O)C=C3,Compound462
O=C1C=C(OC=2/C=C(/O)C=C(O)C1=2)C3=CC(O)=C(O)C(O)=C3,Compound463
O=C1C(O)=C(OC2=C1C(O)=CC(O)=C2O)C3=CC(O)=C(O)C=C3,Compound465
O=C1C(O)=C(OC=2C=C(/C=C(/O)C1=2)O[C@@]3([H])O[C@@]([H])(CO)[C@@](O)([H])[C@](O)([H])[C@@]3(O)[H])C4=C/C=C(/O)C=C4,Compound466
O=C3C=1C=CC(O)=CC=1O[C@]([H])(C2=CC(O)=C(O)C=C2)[C@]3(O)[H],Compound467
O=C2C(O)=C(OC3=CC(O[C@@]1([H])O[C@@]([H])(CO)[C@@](O)([H])[C@](O)([H])[C@@]1(O)[H])=C(O)C(O)=C23)C4=CC(O)=C(O)C=C4,Compound468
O=C1C(OC)=C(OC=2/C=C(/O)C=C(O)C1=2)C3=CC(O)=C(O)C=C3,Compound469
O=C1C(O)=C(OC2=C1C(O)=CC(O)=C2O)C3=C/C=C(/O)C=C3,Compound470
[F][B]([F])([F])C=C=C,Compound471
O=C2C(O[C@@]1([H])O[C@@]([H])(CO)[C@](O)([H])[C@](O)([H])[C@@]1(O)[H])=C(OC=3/C=C(/O)C=C(O)C2=3)C4=CC(O)=C(O)C(O)=C4,Compound473
O=C1C3=C(O/C=C1/C2=C/C=C(C=C2)OC)C=C(O)C=C3O,Compound475
O=C(O)C[C@@](O)(C)[H],Compound476
O=C2C3=C(O[C@]([H])(C1=CC(O)=C(O)C(O)=C1)[C@]2(O)[H])C=C(O)C=C3O,Compound477
CC3(C)OC=2C=CC=1C[C@@]([H])(COC=1C=2C=C3)C=4C=CC(O)=CC=4O,Compound478
O=C1C=C(OC2=C1C(O)=C(C(O)=C2[C@]3([H])OC[C@@](O)([H])[C@@](O)([H])[C@]3(O)[H])[C@@]4([H])O[C@]([H])(CO)[C@](O)([H])[C@@](O)([H])[C@]4(O)[H])C5=C/C=C(/O)C=C5,Compound479
O=C1C=C(OC2=C1C(O)=C(C(O)=C2[C@@]3([H])O[C@@]([H])(CO)[C@@](O)([H])[C@](O)([H])[C@@]3(O)[H])[C@@]4([H])OC[C@](O)([H])[C@](O)([H])[C@@]4(O)[H])C5=C/C=C(/O)C=C5,Compound480
O=C2C(O[C@@]1([H])O[C@@]([H])(CO)[C@](O)([H])[C@](O)([H])[C@@]1(O)[H])=C(OC=3/C=C(/O)C=C(O)C2=3)C4=CC(O)=C(O)C(O)=C4,Compound481
NC1(C)COC1,Compound482
O=C2C(O[C@@]1([H])O[C@@]([H])(CO)[C@@](O)([H])[C@](O)([H])[C@@]1(O)[H])=C(OC=3/C=C(/O)C=C(O)C2=3)C4=CC(O)=C(O)C(O)=C4,Compound483
O=C(OC(C)(C)C)NCC(=O)OC(C)(C)C,Compound485
O=C2C3=C(O[C@]([H])(C1=CC=CC=C1)[C@]2(O)[H])C=C(O)C=C3O,Compound488
O=C2C(O[C@@]1([H])O[C@](C)([H])[C@@](O)([H])[C@](O)([H])[C@@]1(O)[H])=C(OC3=CC(OC)=C(OC)C(O)=C23)C4=CC(O)=C(O)C=C4,Compound489
O[C@@]1([H])[C@@]([H])(O[C@]([H])(CO)[C@](O)([H])[C@@]1(O)[H])O[C@]7([H])CC6=CC[C@]2([H])[C@]([H])(CC[C@@]4(C)[C@@]2([H])C[C@]5([H])N3C[C@](C)([H])CC[C@]3([H])[C@](C)([H])[C@]45[H])[C@@]6(C)CC7,Compound490
O=C2OC=1C=C(C=CC=1C(C)=C2)NC(=O)[C@](N)([H])CCCNC(=N)N,Compound2107
O=C1C(=COC2=C1C=CC(O)=C2O[C@@]3([H])O[C@@]([H])(CO)[C@@](O)([H])[C@](O)([H])C3)C4=C/C=C(/O)C=C4,Compound2615
O=C1C=C(OC2=CC(C)=C(O)C(O)=C12)C3=CC=CC=C3,Compound2623
O=C2OC=1/C=C(/O)C(=CC=1C=C2)O[C@@]3([H])O[C@@]([H])(CO)[C@@](O)([H])[C@](O)([H])[C@@]3(O)[H],Compound2625
O=C1C[C@@]([H])(OC=2C=C(/C=C(/O)C1=2)O[C@@]4([H])O[C@@]([H])(CO[C@@]3([H])O[C@@](C)([H])[C@](O)([H])[C@@](O)([H])[C@@]3(O)[H])[C@@](O)([H])[C@](O)([H])[C@@]4(O)[H])C5=CC(O)=C(C=C5)OC,Compound2628
O=C1C[C@]([H])(OC=2C=C(/C=C(/O)C1=2)O[C@]3([H])O[C@]([H])(CO)[C@](O)([H])[C@@](O)([H])[C@@]3([H])O[C@@]4([H])O[C@@](C)([H])[C@](O)([H])[C@@](O)([H])[C@@]4(O)[H])C5=C/C=C(/O)C=C5,Compound2631
O=C(CC/C1=C/C=C(/O)C=C1)C2=C(O)C=C(/C=C2/O)O[C@@]3([H])O[C@@]([H])(CO)[C@@](O)([H])[C@](O)([H])[C@]3([H])O[C@]4([H])O[C@@](C)([H])[C@](O)([H])[C@@](O)([H])[C@@]4(O)[H],Compound2632
O=C1C=C(OC2=C1C(OC)=C(OC)C(OC)=C2OC)C3=CC=C(C=C3)OC,Compound2638
O=C2OC=1/C=C(/O)C(=CC=1C=C2)O[C@@]3([H])O[C@@]([H])(CO)[C@@](O)([H])[C@](O)([H])[C@@]3(O)[H],Compound2648
O=C2C(O[C@@]1([H])O[C@@](C)([H])[C@](O)([H])[C@@](O)([H])[C@]1(O)[H])=C(OC=3/C=C(/O)C=C(O)C2=3)C4=CC(O)=C(O)C=C4,Compound2663
[I]C=2/C=C(/[Cl])C1=CC=CN=C1C=2OC(=O)COC(=O)COCCOCC(=O)OCC(=O)OC=4C3=NC=CC=C3C([Cl])=CC=4[I],Compound3064
O=C2OC=1C=CC=CC=1C(=C2)OCC,Compound12892
O=C2OC=1C=CC=CC=1/C=C2/C(=O)OCC,Compound12893
O=C2OC=1/C=C(/O)C=CC=1C(=C2)COC,Compound12894
O=C2OC=1C=CC(O)=CC=1C(C)=C2,Compound12895
O=[N+]([O-])C=2C(=O)OC=1C=CC=CC=1C=2O,Compound12896
[F]C([F])([F])C1=CC(=O)OC=2/C=C(/O)C=CC1=2,Compound12897
O=C2C=1C=CC=C(C=1O/C(=C2/C)C3=CC=CC=C3)C(=O)O,Compound12918
[H][C@]2(OC=1C=CC=CC=1C(C2)=N/N=C3\C[C@@]([H])(OC=4C=CC=CC3=4)C5=CC=CC=C5)C6=CC=CC=C6,Compound12919
[Br]/C2=C/C=1C(=O)C=C(OC=1C=C2)C3=C/C=C(/[Cl])C=C3,Compound12927
[Br]/C2=C/C=1C(=O)C=COC=1C=C2,Compound12928
[Br]/C2=C/C=1C(=O)C=C(OC=1C=C2)C(=O)O,Compound12930
[Br]/C1=C/C2=C(C=C1)OC(=O)C(C#N)=C2C,Compound12932
[Br]/C2=C/C=1C(=O)C=C(OC=1C=C2)C3=CC=CC=C3,Compound12933
[Br]/C2=C/C=1C(=O)C(=COC=1C=C2)C=O,Compound12934
[Br]/C2=C/C=1C(O)=CC(=O)OC=1C=C2,Compound12936
[Br]/C1=C/C2=C(C=C1)OC(=O)C(=C2C)C3=CC=CC=C3,Compound12938
[Cl]/C1=C/C2=C(C=C1)OCCC2=O,Compound12939
[Cl]/C2=C/C=1C(=O)C=COC=1C=C2,Compound12940
[Br]C=1/C=C(/[Br])C=C2C=1OC(=CC2=O)C3=C/C=C(/[Cl])C=C3,Compound12942
[Cl]/C1=C/C=C(C=C1)C=3OC=2C=CC=CC=2C(=O)C=3,Compound12943
[Cl]/C2=C/C=1C(=O)C=C(OC=1C=C2)C3=CC=CC=C3,Compound12944
[Cl]/C1=C/C=C(C=C1)C=3OC=2C=CC(C)=CC=2C(=O)C=3,Compound12945
[Cl]C=1C=C2C(=CC=1C)OC(=O)C(C#N)=C2C,Compound12947
[Cl]C=1C=C2C(=CC=1C)O/C=C(/C#N)C2=O,Compound12948
[Cl]/C1=C/C2=C(C=C1)OC(=O)C(C#N)=C2C,Compound12949
[Cl]C=1C=C2C(=CC=1C)OC(=O)C(=C2C)C3=CC=CC=C3,Compound12950
[Cl]/C2=C/C=1C(=O)C(=COC=1C=C2)C=O,Compound12952
[Cl]/C2=C/C=1C(O)=CC(=O)OC=1C=C2,Compound12954
[Cl]C=1C=C2C(=CC=1C)OCCC2=O,Compound12959
[Cl]C=1C=C2C(=CC=1C)OC(=CC2=O)C(=O)O,Compound12960
[Cl]C=1C=C2C(=CC=1C)OC(=CC2=O)C3=CC=CC=C3,Compound12961
[Cl]/C1=C/C2=C(C=C1)OC(=O)C(=C2C)C3=CC=CC=C3,Compound12962
[Cl]/C1=C/C=C(C=C1)C3=CC=2C=CC=CC=2OC3=O,Compound12963
O=C1CCOC=2C=CC=CC1=2,Compound12964
O=C1C=COC=2C=CC=CC1=2,Compound12965
O=C1C=C(OC=2C=CC=CC1=2)C(=O)O,Compound12966
O=C1C(C#N)=COC=2C=CC=CC1=2,Compound12967
O=C2OC=1C=CC=CC=1/C=C2/C#N,Compound12968
[Br]C=1/C=C(/[Br])C=C2C=1OC(=O)C(C#N)=C2C,Compound12970
[Cl]C=1/C=C(/[Cl])C=C2C=1OC(=O)C(C#N)=C2C,Compound12971
O=C2OC=1C=CC(C)=CC=1C(C)=C2C#N,Compound12972
O=C2OC=1/C=C(/O)C=CC=1C(C)=C2C#N,Compound12973
O=C1C(C#N)=COC=2C=CC(C)=CC1=2,Compound12974
O=C2OC=1C=CC=CC=1C(C)=C2C#N,Compound12975
[Br]C=1/C=C(/[Br])C=C2C=1OC(=CC2=O)C3=CC=CC=C3,Compound12976
[Br]C=1/C=C(/[Br])C=C2C=1O/C=C(/C=O)C2=O,Compound12977
[Cl]/C2=C/C=1C(=O)C=C(OC=1C=C2)C3=C/C=C(/[Cl])C=C3,Compound12980
[Cl]C=1/C=C(/[Cl])C=C2C=1OC(=CC2=O)C3=CC=CC=C3,Compound12981
[Cl]C=1/C=C(/[Cl])C=C2C=1O/C=C(/C=O)C2=O,Compound12982
[Cl]C=1/C=C(/[Cl])C=C2C=1OC(=O)C=C2O,Compound12983
[Cl]C=1C=C2C(=CC=1C)OC(=CC2=O)C3=C/C=C(/[Cl])C=C3,Compound12984
[Cl]C=1/C=C(/[Cl])C=C2C=1OC(=O)C(=C2C)C3=CC=CC=C3,Compound12985
O=C2OC=1C=CC(C)=CC=1C(C)=C2/C3=C/C=CC=C3,Compound12986
O=C2C=1C=CC=CC=1O/C=C2/C=O,Compound12988
O=C2C=1/C=C(/C)C=CC=1O/C=C2/C=O,Compound12989
O=C1C=C(OC=2C=CC(C)=CC1=2)C(=O)O,Compound12996
O=C2OC=1C=CC=CC=1C(C)=C2/C3=C/C=CC=C3,Compound12997
O=C2OC=1C=CC=CC=1/C=C2/C3=C/C=CC=C3,Compound12998
[Cl]C=1/C=C(/[Cl])C=C2C=1OC(=CC2=O)C3=C/C=C(/[Cl])C=C3,Compound13000
O=C2C=1C=C(C=CC=1O/C=C2/C=O)C(C)(C)[H],Compound13002
[Cl]C=1C=C2C(=CC=1C)OC=CC2=O,Compound13009
O=C1CCOC=2C=CC(C)=CC1=2,Compound13014
[Br]/C2=C/OC=1C=CC=CC=1C2=O,Compound13015
[Br]/C2=C/OC=1C=CC([Cl])=CC=1C2=O,Compound13016
[Br]/C1=C/C2=C(C=C1)OC(=O)C(=C2C)C3=C/C=C(/[Br])C=C3,Compound13044
[Br]/C1=C/C2=C(C=C1)OC(=O)C(=C2C)C3=C/C=C(/[Cl])C=C3,Compound13045
[Br]/C1=C/C=C(C=C1)C3=CC=2C=CC=CC=2OC3=O,Compound13046
[Br]/C1=C/C=C(C=C1)C=3C(=O)OC=2/C=C(/C)C([Cl])=CC=2C=3C,Compound13047
[Br]/C1=C/C=C(C=C1)C=3C(=O)OC=2C=CC([Cl])=CC=2C=3C,Compound13048
[Br]/C1=C/C=C(C=C1)C=3C(=O)OC2=C(/C=C(/[Cl])C=C2[Cl])C=3C,Compound13049
[Br]/C1=C/C=C(C=C1)C=3C(=O)OC=2/C=C(/O)C=CC=2C=3C,Compound13050
[Br]/C1=C/C=C(C=C1)C3=CC=2C=C(C=CC=2OC3=O)OC,Compound13051
[Br]/C1=C/C=C(C=C1)C=3C(=O)OC=2C=C(C=CC=2C=3C)OC,Compound13052
[Br]/C1=C/C=C(C=C1)C=3C(=O)OC=2C=C(C=CC=2C=3/C4=C/C=CC=C4)OC,Compound13053
[Cl]C=1C=C2C(=CC=1C)OC(=O)C(=C2C)C3=C/C=C(/[Cl])C=C3,Compound13054
[Cl]/C1=C/C2=C(C=C1)OC(=O)C(=C2C)C3=C/C=C(/[Cl])C=C3,Compound13055
[Cl]C=1/C=C(/[Cl])C=C2C=1OC(=O)C(=C2C)C3=C/C=C(/[Cl])C=C3,Compound13056
[Cl]/C1=C/C=C(C=C1)C=3C(=O)OC=2/C=C(/O)C=CC=2C=3C,Compound13057
[Cl]/C1=C/C=C(C=C1)C=3C(=O)OC=2/C=C(/O)C=CC=2C=3/C4=C/C=CC=C4,Compound13058
[Cl]/C1=C/C=C(C=C1)C=3C(=O)OC=2C=C(C=CC=2C=3C)OC,Compound13059
[Cl]/C1=C/C=C(C=C1)C=3C(=O)OC=2C=C(C=CC=2C=3/C4=C/C=CC=C4)OC,Compound13060
[Cl]/C1=C/C=C(C=C1)C3=CC=2C=C(C=CC=2OC3=O)OC,Compound13061
O=C2OC=1C=CC(=CC=1/C=C2/C#N)OC,Compound13062
O=C2OC=1/C=C(/O)C=CC=1/C(=C2/C3=C/C=CC=C3)C4=CC=CC=C4,Compound13063
O=C2OC=1C=C(C=CC=1/C(=C2/C3=C/C=CC=C3)C4=CC=CC=C4)OC,Compound13064
O=C2OC=1/C=C(/O)C=CC=1C(C)=C2/C3=C/C=CC=C3,Compound13065
O=C2OC=1C=C(C=CC=1C(C)=C2/C3=C/C=CC=C3)OC,Compound13066
O=C2OC=1C=CC(=CC=1/C=C2/C3=C/C=CC=C3)OC,Compound13067
O=C2OC=1C=CC=CC=1/C=C2/C=4[S]C=3C=CC=CC=3N=4,Compound13068
O=C2OC=1C=CC(=CC=1/C=C2/C=4[S]C=3C=CC=CC=3N=4)OC,Compound13069
[Cl]/C2=C/C=1C(=C(C(=O)OC=1C=C2)C3=C/C=C(/[Cl])C=C3)C4=C/C=C(/[Cl])C=C4,Compound13070
[Cl]C=1C=C2C(=CC=1C)OC(=O)C(=C2C)C3=CC=C(C=C3)OC,Compound13071
[Cl]/C1=C/C2=C(C=C1)OC(=O)C(=C2C)C3=CC=C(C=C3)OC,Compound13072
[Cl]/C1=C/C=C(C=C1)C3=CC=2C=CC(=CC=2OC3=O)OCC,Compound13073
[Cl]/C1=C/C=C(C=C1)C3=CC=2C=CC(O)=CC=2OC3=O,Compound13074
[Cl]/C1=C/C=C(C=C1)C3=CC=2C=CC(=CC=2OC3=O)OC,Compound13075
O=C2OC=1C=C(C=CC=1/C=C2/C#N)OCC,Compound13076
O=C2OC=1C=C(C=CC=1/C=C2/C#N)OC,Compound13077
[Cl]C=1/C=C(/[Cl])C=C2C=1OC(=O)C(=C2C)C3=CC=C(C=C3)OC,Compound13078
O=C2OC=1C=C(C=CC=1/C=C2/C3=C/C=C(C=C3)OC)OCC,Compound13079
O=C2OC=1C=CC(=CC=1C(C)=C2)OCC,Compound13080
O=C2OC=1/C=C(/O)C=CC=1/C=C2/C3=C/C=C(C=C3)OC,Compound13081
O=C2OC=1/C=C(/O)C=CC=1C(C)=C2/C3=C/C=C(C=C3)OC,Compound13082
O=C2OC=1C=CC(=CC=1/C=C2/C3=C/C=C(C=C3)OC)OC,Compound13084
O=C2OC=1C=C(C=CC=1/C=C2/C3=C/C=C(C=C3)OC)OC,Compound13085
O=C2OC=1C=C(C=CC=1C(C)=C2/C3=C/C=C(C=C3)OC)OC,Compound13086
O=C2OC=1C=C(C=CC=1/C(=C2/C3=C/C=C(C=C3)OC)C4=CC=CC=C4)OC,Compound13087
O=C2OC=1C=CC(=CC=1C(C)=C2)OC,Compound13088
O=C2OC=1C=CC=CC=1/C=C2/C3=C/C=C(C=C3)OC,Compound13089
[Br]/C2=C/C=1C(=C(C(=O)OC=1C=C2)C3=CC=CC=C3)C4=C/C=C(/[Cl])C=C4,Compound13090
[Br]/C2=C/C=1C(=C(C(=O)OC=1C=C2)C3=C/C=C(/[Cl])C=C3)C4=C/C=C(/[Cl])C=C4,Compound13091
[Cl]C=1C=C2C(=CC=1C)OC(=O)C(=C2/C3=C/C=C(/[Cl])C=C3)C4=CC=CC=C4,Compound13092
[Cl]/C2=C/C=1C(=C(C(=O)OC=1C=C2)C3=CC=CC=C3)C4=C/C=C(/[Cl])C=C4,Compound13093
[Cl]C=1C=C2C(=CC=1C)OC(=O)C(=C2/C3=C/C=C(/[Cl])C=C3)C4=C/C=C(/[Cl])C=C4,Compound13094
[Cl]C=1/C=C(/[Cl])C=C2C=1OC(=O)C(=C2/C3=C/C=C(/[Cl])C=C3)C4=CC=CC=C4,Compound13095
O=C2OC=1/C=C(/O)C=CC=1/C=C2/C#N,Compound13096
O=C2OC=1/C=C(/O)C=CC=1/C=C2/C3=C/C=CC=C3,Compound13097
O=C2OC=1C=C(C=CC=1/C=C2/C3=C/C=CC=C3)OC,Compound13098
[Br]/C1=C/C2=C(C=C1)OC(=O)C(=C2C)C3=CC=C(C=C3)OC,Compound13099
[Cl]/C2=C/C=1C(=C(C(=O)OC=1C=C2)C3=CC=C(C=C3)OC)C4=C/C=C(/[Cl])C=C4,Compound13100
[Cl]C=1C=C2C(=CC=1C)OC(=O)C(=C2/C3=C/C=C(/[Cl])C=C3)C4=CC=C(C=C4)OC,Compound13101
[Cl]/C2=C/C=1C(=C(C(=O)OC=1C=C2)C3=CC=CC=C3)C4=CC=CC=C4,Compound13102
[Cl]C=1C=C2C(=CC=1C)OC(=O)C(=C2/C3=C/C=CC=C3)C4=CC=CC=C4,Compound13103
[Cl]C=1C=C2C(=CC=1C)OC(=O)C(=C2/C3=C/C=CC=C3)C4=CC=C(C=C4)OC,Compound13107
[Cl]/C2=C/C=1C(=C(C(=O)OC=1C=C2)C3=CC=C(C=C3)OC)C4=CC=CC=C4,Compound13108
[Cl]/C1=C/C2=C(C=C1)OC(=O)C(=C2C)C3=CC=C(C=C3)[N+](=O)[O-],Compound13109
[Cl]/C1=C/C=C(C=C1)C=3C(=O)OC=2C=CC=CC=2C=3C,Compound13110
[Cl]C=1/C=C(/[Cl])C=C2C=1OC(=O)C(=C2/C3=C/C=CC=C3)C4=CC=CC=C4,Compound13111
[Cl]C=1/C=C(/[Cl])C=C2C=1OC(=O)C(=C2/C3=C/C=CC=C3)C4=CC=C(C=C4)OC,Compound13114
O=C2OC=1C=CC(C)=CC=1/C(=C2/C3=C/C=CC=C3)C4=CC=CC=C4,Compound13119
O=C2OC=1C=C(C=CC=1C(C)=C2/C3=C/C=C(C=C3)OC)OCC,Compound13120
O=C2OC=1C=C(C=CC=1/C(=C2/C3=C/C=C(C=C3)OC)C4=CC=CC=C4)OCC,Compound13121
O=C2OC=1/C=C(/O)C=CC=1/C(=C2/C3=C/C=C(C=C3)OC)C4=CC=CC=C4,Compound13122
O=[N+]([O-])C1=CC=C(C=C1)C3=CC=2C=C(C=CC=2OC3=O)OC,Compound13124
O=C2OC=1C=CC=CC=1C(C)=C2/C3=C/C=C(C=C3)OC,Compound13126
O=[N+]([O-])C1=CC=C(C=C1)C3=CC=2C=CC=CC=2OC3=O,Compound13127
[Br]/C1=C/C2=C(C=C1)OC(=O)C(=C2C)C=3C=CC([Cl])=CC=3[Cl],Compound13129
[Br]/C2=C/C=1C(=C(C(=O)OC=1C=C2)C3=CC=CC=C3)C4=CC=CC=C4,Compound13130
[Cl]C=1/C=C(/[Cl])C=CC=1C=3C(=O)OC=2/C=C(/C)C([Cl])=CC=2C=3C,Compound13131
[Cl]C=1/C=C(/[Cl])C=CC=1C=3C(=O)OC=2/C=C(/C)C([Cl])=CC=2C=3/C4=C/C=CC=C4,Compound13132
[Cl]C=1/C=C(/[Cl])C=CC=1C=3C(=O)OC=2C=CC([Cl])=CC=2C=3/C4=C/C=CC=C4,Compound13133
[Cl]C=2C=C1OCC(C=O)=C(C)C1=CC=2C,Compound13134
[Cl]C=1/C=C(/[Cl])C=C2C=1OC(=O)C(=C2C)C=3C=CC([Cl])=CC=3[Cl],Compound13135
[Cl]C=1/C=C(/[Cl])C=C2C=1OC(=O)C(=C2/C3=C/C=CC=C3)C=4C=CC([Cl])=CC=4[Cl],Compound13136
[Cl]C=1/C=C(/[Cl])C=CC=1/C3=C/C=2C=CC=CC=2OC3=O,Compound13137
[Cl]C=1/C=C(/[Cl])C=CC=1C=3C(=O)OC=2C=CC(C)=CC=2C=3C,Compound13146
[Cl]C=1/C=C(/[Cl])C=CC=1C=3C(=O)OC=2C=CC(=CC=2C=3C)OCC,Compound13151
[Cl]C=1/C=C(/[Cl])C=CC=1/C3=C/C=2C=CC(O)=CC=2OC3=O,Compound13152
[Cl]C=1/C=C(/[Cl])C=CC=1C=3C(=O)OC=2C=CC(O)=CC=2C=3C,Compound13153
[Cl]C=1/C=C(/[Cl])C=CC=1C=3C(=O)OC=2/C=C(/O)C=CC=2C=3/C4=C/C=CC=C4,Compound13154
[Cl]C=1/C=C(/[Cl])C=CC=1C=3C(=O)OC=2C=CC(=CC=2C=3C)OC,Compound13155
[Cl]C=1/C=C(/[Cl])C=CC=1C=3C(=O)OC=2C=CC=CC=2C=3C,Compound13156
O=C2OC=1C=CC(C)=CC=1C(C)=C2/C3=C/C=C(C=C3)OC,Compound13157
O=C2OC=1C=CC(=CC=1C(C)=C2/C3=C/C=C(C=C3)OC)OCC,Compound13167
O=C2OC=1C=CC(=CC=1C(C)=C2/C3=C/C=CC=C3)OCC,Compound13177
O=C2OC=1C=CC(O)=CC=1C(C)=C2/C3=C/C=C(C=C3)OC,Compound13188
O=C2OC=1C=CC(O)=CC=1C(C)=C2/C3=C/C=CC=C3,Compound13198
O=C2OC=1C=CC(=CC=1C(C)=C2/C3=C/C=C(C=C3)OC)OC,Compound13209
O=C2OC=1C=CC(=CC=1C(C)=C2/C3=C/C=CC=C3)OC,Compound13218
O=C2OC=1C=CC(C)=CC=1/C(=C2/C3=C/C=C(C=C3)OC)C4=CC=CC=C4,Compound13229
O=C2OC=1C=CC=CC=1/C=C2/NC(=O)C3=CC=CC=C3,Compound13239
[Br]/C2=C/C=1C(=C(C(=O)OC=1C=C2)C=3C=CC([Cl])=CC=3[Cl])C4=C/C=C(/[Cl])C=C4,Compound13261
[Br]/C1=C/C2=C(C=C1)OC(=O)C(=C2C)C=3C=CC=CC=3[Cl],Compound13272
[Br]/C2=C/C=1C(=C(C(=O)OC=1C=C2)C=3C=CC=CC=3[Cl])C4=CC=CC=C4,Compound13280
[Cl]C=1/C=C(/[Cl])C=CC=1C=3C(=O)OC=2C=CC([Cl])=CC=2C=3/C4=C/C=C(/[Cl])C=C4,Compound13290
[Cl]C=1/C=C(/[Cl])C=CC=1C=3C(=O)OC=2/C=C(/C)C([Cl])=CC=2C=3/C4=C/C=C(/[Cl])C=C4,Compound13301
[Cl]C=1C=C2C(=CC=1C)OC(=O)C(=C2C)C=3C=CC=CC=3[Cl],Compound13312
[Cl]C=1C=CC=CC=1C=3C(=O)OC=2C=CC([Cl])=CC=2C=3C,Compound13323
[Cl]C=1C=C2C(=CC=1C)OC(=O)C(=C2/C3=C/C=CC=C3)C=4C=CC=CC=4[Cl],Compound13334
[Cl]C=1C=CC=CC=1C=3C(=O)OC=2C=CC([Cl])=CC=2C=3/C4=C/C=CC=C4,Compound13345
[Cl]C=1/C=C(/[Cl])C=CC=1C=3C(=O)OC=2C=CC([Cl])=CC=2C=3C,Compound13356
[Cl]C=1C=CC=CC=1/C3=C/C=2C=CC=CC=2OC3=O,Compound13367
[Cl]C=1/C=C(/[Cl])C=C2C=1OC(=O)C(=C2C)C=3C=CC=CC=3[Cl],Compound13377
[Cl]C=1/C=C(/[Cl])C=CC=1C=3C(=O)OC=2C=CC(C)=CC=2C=3/C4=C/C=C(/[Cl])C=C4,Compound13388
[Cl]C=1C=CC=CC=1C=3C(=O)OC=2C=CC(C)=CC=2C=3C,Compound13399
[Cl]C=1C=CC=CC=1/C3=C/C=2C=CC(=CC=2OC3=O)OCC,Compound13410
[Cl]C=1C=CC=CC=1C=3C(=O)OC=2C=C(C=CC=2C=3C)OCC,Compound13421
[Cl]C=1C=CC=CC=1C=3C(=O)OC=2C=C(C=CC=2C=3/C4=C/C=CC=C4)OCC,Compound13425
[Cl]C=1C=CC=CC=1/C3=C/C=2C=CC(O)=CC=2OC3=O,Compound13434
[Cl]C=1C=CC=CC=1C=3C(=O)OC=2/C=C(/O)C=CC=2C=3C,Compound13445
[Cl]C=1C=CC=CC=1C=3C(=O)OC=2/C=C(/O)C=CC=2C=3/C4=C/C=CC=C4,Compound13454
[Cl]C=1C=CC=CC=1/C3=C/C=2C=CC(=CC=2OC3=O)OC,Compound13463
[Cl]C=1C=CC=CC=1C=3C(=O)OC=2C=C(C=CC=2C=3C)OC,Compound13473
[Cl]C=1C=CC=CC=1C=3C(=O)OC=2C=C(C=CC=2C=3/C4=C/C=CC=C4)OC,Compound13482
[Cl]C=1C=CC=CC=1C=3C(=O)OC=2C=CC=CC=2C=3C,Compound13493
[Cl]C=1/C=C(/[Cl])C=CC=1/C3=C/C=2C=CC(=CC=2OC3=O)OCC,Compound13504
[Cl]C=1/C=C(/[Cl])C=CC=1C=3C(=O)OC=2C=C(C=CC=2C=3C)OCC,Compound13511
[Cl]C=1/C=C(/[Cl])C=CC=1C=3C(=O)OC=2C=C(C=CC=2C=3/C4=C/C=CC=C4)OCC,Compound13521
[Cl]C=1/C=C(/[Cl])C=CC=1C=3C(=O)OC=2/C=C(/O)C=CC=2C=3C,Compound13532
[Cl]C=1/C=C(/[Cl])C=CC=1/C3=C/C=2C=CC(=CC=2OC3=O)OC,Compound13543
[Cl]C=1/C=C(/[Cl])C=CC=1C=3C(=O)OC=2C=C(C=CC=2C=3C)OC,Compound13554
[Cl]C=1/C=C(/[Cl])C=CC=1C=3C(=O)OC=2C=C(C=CC=2C=3/C4=C/C=CC=C4)OC,Compound13564
[Br]/C2=C/OC=1/C=C(/C)C([Cl])=CC=1C2=O,Compound13573
[Br]/C2=C/OC1=C(/C=C(/[Cl])C=C1[Cl])C2=O,Compound13584
[Cl]/C1=C(\[N+](=O)[O-])C(=O)OC=2C=CC=CC1=2,Compound13595
[Br]/C2=C/OC=1C=CC([Br])=CC=1C2=O,Compound13606
[Cl]C=1/C=C(/[Cl])C=C2C=1OC=CC2=O,Compound13616
O=C2OC=1/C=C(/O)C=CC=1/C=C2/C(=O)O,Compound13627
O=C1C=COC=2C=CC(C)=CC1=2,Compound13638
[Br]C=1/C=C(/[Cl])C=C2C=1OC(=O)C(=C2C)C3=CC([Cl])=CC=C3,Compound13788
[Br]/C2=C/C=1C(=C(C(=O)OC=1C=C2)C3=CC([Cl])=CC=C3)C=4C=CC=CC=4[Cl],Compound13831
[Br]/C1=C/C2=C(C=C1)OC(=O)C(=C2C)C3=CC([Cl])=CC=C3,Compound13841
[Cl]C=1C=C2C(=CC=1C)OC(=O)C(=C2C)C3=CC([Cl])=CC=C3,Compound13863
[Cl]/C1=C/C2=C(C=C1)OC(=O)C(=C2C)C3=CC([Cl])=CC=C3,Compound13873
[Cl]/C1=C/C(=CC=C1)C3=CC=2C=CC=CC=2OC3=O,Compound13890
[Cl]C=1/C=C(/[Cl])C=C2C=1OC(=O)C(=C2C)C3=CC([Cl])=CC=C3,Compound13897
[Cl]/C1=C/C(=CC=C1)C=3C(=O)OC=2C=CC(C)=CC=2C=3C,Compound13908
[Cl]/C1=C/C(=CC=C1)C=3C(=O)OC=2/C=C(/C)C=CC=2C=3C,Compound13919
[Cl]/C1=C/C(=CC=C1)C=3C(=O)OC=2C=CC=CC=2C=3C,Compound13926
O=C2C=1C=C(C=CC=1O/C=C2/C=O)OC,Compound13942
[Br]C=1/C=C(/[Cl])C=C2C=1OC=CC2=O,Compound13952
[Br]C=1/C=C(/[Cl])C=C2C=1OC(=O)C(=C2C)C=3C=CC([Cl])=CC=3[Cl],Compound13963
[Br]/C2=C/C=1C(=O)C=C(OC=1C=C2)C=3C=CC=CC=3[Cl],Compound13974
[Br]C=1/C=C(/[Cl])C=C2C=1O/C=C(/C=O)C2=O,Compound13977
[Br]/C2=C/C([Cl])=C1OC(=O)C(=C(C)C1=C2)C3=CC=C(C=C3)OC,Compound13979
[Br]C=1/C=C(/[Cl])C=C2C=1OC(=O)C(=C2C)C3=CC=C(C=C3)OC,Compound13982
[Br]C=1/C=C(/[Cl])C=C2C=1OC(=O)C(=C2C)C3=CC=CC=C3,Compound13983
[Br]/C2=C/C=1C(=C(C(=O)OC=1C=C2)C3=CC([Cl])=CC=C3)C4=CC=CC=C4,Compound13984
[Cl]/C2=C/C=1C(=C(C(=O)OC=1C=C2)C3=CC([Cl])=CC=C3)C4=CC=CC=C4,Compound13986
[Br]/C2=C/OC1=C(/C=C(/[Cl])C=C1[Br])C2=O,Compound13997
[Cl]/C1=C/C(=CC=C1)C3=CC=2C=CC(=CC=2OC3=O)OCC,Compound14008
[Cl]/C1=C/C(=CC=C1)C=3C(=O)OC=2C=CC(=CC=2C=3C)OCC,Compound14019
[Cl]/C1=C/C(=CC=C1)C=3C(=O)OC=2C=C(C=CC=2C=3C)OCC,Compound14030
[Cl]/C1=C/C(=CC=C1)C3=CC=2C=CC(O)=CC=2OC3=O,Compound14041
[Cl]/C1=C/C(=CC=C1)C=3C(=O)OC=2C=CC(O)=CC=2C=3C,Compound14043
[Cl]/C1=C/C(=CC=C1)C=3C(=O)OC=2/C=C(/O)C=CC=2C=3C,Compound14044
[Cl]/C1=C/C(=CC=C1)C=3C(=O)OC=2/C=C(/O)C=CC=2C=3/C4=C/C=CC=C4,Compound14045
[Cl]/C1=C/C(=CC=C1)C3=CC=2C=CC(=CC=2OC3=O)OC,Compound14046
[Cl]/C1=C/C(=CC=C1)C=3C(=O)OC=2C=CC(=CC=2C=3C)OC,Compound14047
[Cl]/C1=C/C(=CC=C1)C=3C(=O)OC=2C=C(C=CC=2C=3C)OC,Compound14048
[Cl]/C1=C/C(=CC=C1)C=3C(=O)OC=2C=C(C=CC=2C=3/C4=C/C=CC=C4)OC,Compound14049
[Cl]/C1=C/C(=CC=C1)C=3C(=O)OC=2C=CC(C)=CC=2C=3/C4=C/C=CC=C4,Compound14050
[Cl]/C1=C/C(=CC=C1)C=3C(=O)OC=2/C=C(/C)C=CC=2C=3/C4=C/C=CC=C4,Compound14051
[Cl]C=1C=CC=CC=1C=3OC=2C=CC([Cl])=CC=2C(=O)C=3,Compound14053
[Cl]C=1/C=C(/[Cl])C=CC=1C=3C(=O)OC=2/C=C(/C)C=CC=2C=3C,Compound14054
[Cl]C=1C=C/C=C(/[Cl])C=1C=3OC=2/C=C(/C)C=CC=2C(=O)C=3,Compound14055
O=C2OC=1/C=C(/C)C=CC=1C(C)=C2/C3=C/C=C(C=C3)OC,Compound14057
O=C2OC=1/C=C(/C)C=CC=1C(C)=C2/C3=C/C=CC=C3,Compound14058
[Cl]C=1/C=C(/[Cl])C=C2C=1OC(=CC2=O)C=3C=CC=CC=3[Cl],Compound14060
[Br]C=1/C=C(/[Cl])C=C2C=1OC(=CC2=O)C=3C=CC=CC=3[Cl],Compound14061
[Cl]C=1C=CC=CC=1C=3OC=2C=CC=CC=2C(=O)C=3,Compound14062
[Cl]C=1C=CC=CC=1C=3OC=2C=CC(C)=CC=2C(=O)C=3,Compound14063
[Br]C=1/C=C(/[Cl])C=C2C=1OC(=O)C(=C2C)C3=C/C=C(/[Br])C=C3,Compound14066
[Br]/C2=C/C([Cl])=C1OC(=O)C(=C(C)C1=C2)C3=C/C=C(/[Br])C=C3,Compound14077
[Br]/C2=C/C=1C(=C(C(=O)OC=1C=C2)C3=C/C=C(/[Br])C=C3)C4=CC=CC=C4,Compound14088
[Br]/C1=C/C=C(C=C1)C=3C(=O)OC=2/C=C(/C)C([Cl])=CC=2C=3/C4=C/C=CC=C4,Compound14099
[Br]/C1=C/C=C(C=C1)C=3C(=O)OC=2C=CC([Cl])=CC=2C=3/C4=C/C=CC=C4,Compound14110
[Br]/C1=C/C=C(C=C1)C=3C(=O)OC=2C=CC(C)=CC=2C=3C,Compound14121
[Br]/C1=C/C=C(C=C1)C=3C(=O)OC=2/C=C(/C)C=CC=2C=3C,Compound14132
[Br]/C1=C/C=C(C=C1)C3=CC=2C=CC(=CC=2OC3=O)OCC,Compound14143
[Br]/C1=C/C=C(C=C1)C3=CC=2C=CC(=CC=2OC3=O)OC,Compound14154
[Br]/C1=C/C=C(C=C1)C=3C(=O)OC=2C=CC=CC=2C=3C,Compound14165
[Br]/C1=C/C=C(C=C1)C=3C(=O)OC=2/C=C(/C)C=CC=2C=3/C4=C/C=CC=C4,Compound14176
O=C2OC=1/C=C(/OCC)C(=CC=1C(C)=C2)OCC,Compound14187
O=C2OC=1C=C(C=CC=1C(C)=C2)N(C)C,Compound14198
O=C3O/C2=C(\OC/C=C(\C)C)C=1OC=CC=1C=C2C=C3,Compound14209
O=C3O/C2=C(\OCC=C)C=1OC=CC=1C=C2C=C3,Compound14220
O=C3OC=1/C=C(/O)C=CC=1C(C/C2=C/C=CC=C2)=C3/C4=C/C=CC=C4,Compound14231
O=C3OC=1C=C(C=CC=1C(C/C2=C/C=CC=C2)=C3/C4=C/C=CC=C4)OC,Compound14242
O=C3OC=2C=C1OC=C/C1=C(\O)C=2C=C3,Compound14253
[Br]C=1/C=C(/[Cl])C=C2C=1OC(=O)C(=C2/C3=C/C=CC=C3)C4=C/C=C(/[Br])C=C4,Compound14264
[Br]/C2=C/C([Cl])=C1OC(=O)C(=C(C)C1=C2)C=3C=CC=CC=3[Cl],Compound14274
[Br]/C2=C/C([Cl])=C1OC(=O)C(C#N)=C(C)C1=C2,Compound14282
[Br]C=1/C=C(/[Cl])C=C2C=1OC(=O)C(C#N)=C2C,Compound14288
[Br]/C2=C/C([Cl])=C1OC(=O)C(=C(C)C1=C2)C=3C=CC([Cl])=CC=3[Cl],Compound14298
[Br]/C2=C/C([Cl])=C1OC(=O)C(=C(C)C1=C2)C3=C/C=C(/O)C=C3,Compound14316
[Br]C=1/C=C(/[Cl])C=C2C=1OC(=O)C(=C2C)C3=C/C=C(/O)C=C3,Compound14324
[Br]/C2=C/C([Cl])=C1OC(=O)C(=C(C)C1=C2)C3=CC=CC=C3,Compound14332
[Br]/C1=C/C2=C(C=C1)OC(=O)C(=C2C)C3=C/C=C(/O)C=C3,Compound14342
[Br]/C1=C/C=C(C=C1)C=3C(=O)OC=2C=CC(=CC=2C=3C)OCC,Compound14352
[Br]/C1=C/C=C(C=C1)C=3C(=O)OC=2C=C(C=CC=2C=3C)OCC,Compound14361
[Br]/C1=C/C=C(C=C1)C=3C(=O)OC=2C=C(C=CC=2C=3/C4=C/C=CC=C4)OCC,Compound14372
[Br]/C1=C/C=C(C=C1)C3=CC=2C=CC(O)=CC=2OC3=O,Compound14383
[Br]/C1=C/C=C(C=C1)C=3C(=O)OC=2C=CC(O)=CC=2C=3C,Compound14391
[Br]/C1=C/C=C(C=C1)C=3C(=O)OC=2/C=C(/O)C=CC=2C=3/C4=C/C=CC=C4,Compound14401
[Br]/C1=C/C=C(C=C1)C=3C(=O)OC=2C=CC(=CC=2C=3C)OC,Compound14406
[Br]/C1=C/C=C(C=C1)C=3C(=O)OC=2C=CC(C)=CC=2C=3/C4=C/C=CC=C4,Compound14416
[Cl]C=1C=C2C(=CC=1C)OC(=O)C(=C2C)C3=C/C=C(/O)C=C3,Compound14420
[Cl]/C1=C/C2=C(C=C1)OC(=O)C(=C2C)C3=C/C=C(/O)C=C3,Compound14431
O=C2OC=1/C=C(/C)C=CC=1C(C)=C2C#N,Compound14442
O=C2OC=1C=CC(C)=CC=1C(C)=C2/C3=C/C=C(/O)C=C3,Compound14463
